code;name;total_rooms;used_rooms;amount_employees;technical_or_high_school
53003608;CED 05 DE TAGUATINGA;20;20;105;true
53007360;CED 14 DE CEILANDIA;19;19;129;true
53007387;CED 15 DE CEILANDIA;20;20;104;true
53008804;CED 02 DO CRUZEIRO;20;20;116;true
53010981;CIL DO GUARA;12;12;69;true
53011023;CED 02 DO RIACHO FUNDO;15;15;129;true
53011031;CEM 01 DE SAO SEBASTIAO;19;17;134;true
53012097;CED 123 DE SAMAMBAIA;15;15;78;true
53012119;CED 308 DO RECANTO DAS EMAS;15;15;73;true
53016734;CIL 01 DE SAO SEBASTIAO;13;8;13;true
53016742;CIL 01 DO NUCLEO BANDEIRANTE;8;8;13;true
53011066;CED 104 DO RECANTO DAS EMAS;29;29;154;true
53012194;CEM 111 DO RECANTO DAS EMAS;26;26;139;true
53003616;CED 06 DE TAGUATINGA;24;20;171;true
53003624;CED 07 DE TAGUATINGA;20;17;94;true
53003683;CEM TAGUATINGA NORTE;20;20;106;true
53001036;CEM ELEFANTE BRANCO;27;27;130;true
53002482;CED 08 DO GAMA;25;15;93;true
53002563;CED 07 DO GAMA;18;18;123;true
53019407;CEM 804 DO RECANTO DAS EMAS;23;23;111;true
53016980;CIL 01 DE SAMAMBAIA;5;3;26;true
53003969;CIL DE CEILANDIA;24;24;94;true
53007425;CEM 12 DE CEILANDIA;19;19;114;true
53007492;CEM 02 DE CEILANDIA;30;28;120;true
53007506;CEM 03 DE CEILANDIA;30;28;168;true
53007514;CEM 04 DE CEILANDIA;15;15;119;true
53007530;CED 06 DE CEILANDIA;16;16;115;true
53007549;CED 07 DE CEILANDIA;33;33;132;true
53007557;CEM 09 DE CEILANDIA;15;15;84;true
53007565;CEM 10 DE CEILANDIA;20;14;68;true
53005015;CEM 01 DE BRAZLANDIA;20;20;112;true
53005023;CED 02 DE BRAZLANDIA;21;20;107;true
53009029;CEM 304 DE SAMAMBAIA;20;20;135;true
53006739;CEM 01 DO PARANOA;19;19;150;true
53048008;CED 01 DA ESTRUTURAL;20;20;120;true
53001206;CEM SETOR LESTE;24;24;103;true
53001214;CEM SETOR OESTE;15;14;99;true
53015215;IFB - CAMPUS BRASILIA;40;40;180;true
53015223;IFB - CAMPUS TAGUATINGA;17;17;120;true
53015231;IFB - CAMPUS SAMAMBAIA;26;26;106;true
53015240;IFB - CAMPUS GAMA;24;24;103;true
53017480;CIL DO RIACHO FUNDO I;14;1;34;true
53015282;INST TECNICO DE EDUC DE BRASILIA - TAGUATINGA SUL;0;0;0;true
53012100;CED 16 DE CEILANDIA;15;14;109;true
53002580;CEM 01 DO GAMA;30;30;167;true
53002598;CEM 02 DO GAMA;31;28;167;true
53002601;CEM 03 DO GAMA;20;19;106;true
53002610;CED 06 DO GAMA;24;24;105;true
53005171;CED 04 DE BRAZLANDIA;7;7;42;true
53006062;CED 01 DE PLANALTINA;25;25;194;true
53006070;CEM 02 DE PLANALTINA;26;21;140;true
53006968;CED AGROURBANO IPE RIACHO FUNDO;10;10;72;true
53006984;CEM 01 DO RIACHO FUNDO;21;19;141;true
53015380;IFB - CAMPUS RIACHO FUNDO;12;12;111;true
53015401;IFB - CAMPUS SAO SEBASTIAO;13;13;104;true
53010000;CED 416 DE SANTA MARIA;19;16;81;true
53008456;CED 01 DO GUARA;15;15;110;true
53008464;CEM 01 DO GUARA;18;18;126;true
53008472;CED 03 DO GUARA;36;27;118;true
53008480;CED 04 DO GUARA;15;14;129;true
53012542;CED 04 DE SOBRADINHO;19;19;148;true
53010019;CED 619 DE SAMAMBAIA;22;22;120;true
53015398;IFB - CAMPUS TAGUATINGA CENTRO;0;0;0;true
53012623;CEM 404 DE SANTA MARIA;18;18;102;true
53068181;CED 310 DE SANTA MARIA;18;18;98;true
53005465;CEM 01 DE SOBRADINHO;26;25;172;true
53006178;IFB - CAMPUS PLANALTINA;26;26;200;true
53006283;CED 03 DE PLANALTINA;18;18;118;true
53007921;CED 11 DE CEILANDIA;20;18;133;true
53011996;CEM 414 DE SAMAMBAIA;18;18;116;true
53012720;CEM 02 DE BRAZLANDIA;18;18;94;true
53010620;INST TECNICO DE EDUC DE BRASILIA - SOBRADINHO II;10;10;54;true
53003578;CED 02 DE TAGUATINGA;20;20;188;true
53003586;CEM 03 DE TAGUATINGA;19;19;86;true
53003594;CED 04 DE TAGUATINGA;26;18;122;true
53005473;CED 02 DE SOBRADINHO;19;19;144;true
53003047;CED ENGENHO DAS LAJES;12;13;97;true
53016386;CIL 01 DE PLANALTINA;10;10;17;true
53016408;CIL 01 DE SANTA MARIA;4;4;23;true
53016432;CIL 01 DO RECANTO DAS EMAS;10;10;52;true
53003608;CED 05 DE TAGUATINGA;20;20;105;false
53012372;C DE EDUC NATURAL E INTEGRAL - CENI;0;0;0;false
53010663;CR ACAO SOCIAL NOSSA SENHORA DE FATIMA;0;0;0;false
53016670;FACULDADE DE CIENCIAS SOCIAS E TECNOLOGICAS;0;0;0;false
53007255;CAIC BERNARDO SAYAO;23;23;85;false
53007263;CAIC PROF ANISIO TEIXEIRA;40;40;80;false
53007280;CEF 02 DE CEILANDIA;16;16;116;false
53007298;CEF 04 DE CEILANDIA;19;19;71;false
53007301;CEF 07 DE CEILANDIA;42;42;107;false
53007310;CEF 10 DE CEILANDIA;14;14;65;false
53007328;CEF 11 DE CEILANDIA;15;15;52;false
53007336;CEF 12 DE CEILANDIA;15;15;76;false
53007344;CEF 13 DE CEILANDIA;17;17;112;false
53007352;CEF 14 DE CEILANDIA;20;18;82;false
53007360;CED 14 DE CEILANDIA;19;19;129;false
53007379;CEF 16 DE CEILANDIA;14;14;82;false
53007387;CED 15 DE CEILANDIA;20;20;104;false
53004698;COL PRO - FUTURO;15;15;29;false
53004701;COL CONEXAO;16;11;30;false
53004736;CED PROJECAO TAGUATINGA NORTE UNIDADE II;56;25;71;false
53014677;COL ALICERCE;0;0;0;false
53011287;ESC LARANJA LIMA;0;0;0;false
53010892;PRE-ESC JARDIM ABC;0;0;0;false
53007948;EC 39 DE CEILANDIA;16;16;72;false
53007956;EC 40 DE CEILANDIA;15;15;66;false
53007964;EC 43 DE CEILANDIA;15;13;57;false
53007972;CEF 33 DE CEILANDIA;20;20;84;false
53007980;EC 45 DE CEILANDIA;21;21;96;false
53007999;EC 46 DE CEILANDIA;15;13;70;false
53008006;EC 47 DE CEILANDIA;15;14;61;false
53008014;EC 48 DE CEILANDIA;15;15;58;false
53008022;EC 50 DE CEILANDIA;21;19;70;false
53008030;EC 52 DE CEILANDIA;21;21;76;false
53008049;CEF 31 DE CEILANDIA;15;15;65;false
53005635;EC 05 DE SOBRADINHO;19;18;80;false
53005643;CEI 03 DE SOBRADINHO;9;9;50;false
53005651;EC 10 DE SOBRADINHO;9;9;68;false
53005660;EC 11 DE SOBRADINHO;10;10;84;false
53005678;EC 12 DE SOBRADINHO;11;11;54;false
53005686;EC 13 DE SOBRADINHO;11;11;56;false
53005694;EC BOA VISTA;6;6;26;false
53005708;EC CATINGUEIRO;3;3;20;false
53005716;EC CORA CORALINA;6;6;43;false
53005724;EC CORREGO DO OURO;3;3;14;false
53008782;CEF ATHOS BULCAO;18;18;57;false
53008790;CEM INTEGRADO DO CRUZEIRO;17;17;62;false
53008804;CED 02 DO CRUZEIRO;20;20;116;false
53008812;CED CIMAN;16;16;57;false
53008820;EC 04 DO CRUZEIRO;9;8;48;false
53006313;EC ALTA-MIR;7;6;41;false
53006321;EC APRODARMAS;6;6;29;false
53006348;EC BARRA ALTA;4;4;18;false
53006356;EC BROCHADO DA ROCHA;5;5;5;false
53006364;CEF CERAMICAS REUNIDAS DOM BOSCO;11;11;69;false
53006372;EC COPERBRAS;7;7;16;false
53006380;EC CORREGO DO MEIO;3;3;24;false
53006402;EC ESTANCIA DO PIPIRIPAU;3;3;12;false
53006410;EC ESTANCIA DE PLANALTINA;13;13;74;false
53006429;EC ETA 44;7;7;35;false
53006437;EC FRIGORIFICO INDUSTRIAL;6;6;31;false
53006461;EC MONJOLO;5;4;34;false
53006488;EC NUCLEO RURAL CORREGO DO ATOLEIRO;2;2;20;false
53006496;CED OSORIO BACCHIN;6;6;42;false
53006518;EC PARANA;11;11;61;false
53011333;COL JUSCELINO KUBITSCHEK - TAG SUL;0;0;0;false
53017501;ESC FLOR DE LIS;19;19;74;false
53017510;C DE ENS GRAU TECNICO;5;5;20;false
53017528;INTED - INST NT DE EDUCACAO;8;2;14;false
53017536;COL ALUB - SEDE XII;23;18;60;false
53017544;EC COMUNIDADE DE APRENDIZAGEM DO PARANOA - EC CAP;10;10;39;false
53017552;COL PROGRESSUS;7;7;15;false
53017560;INST MERITO;14;14;14;false
53017579;ESC CASTELINHO DO PEQUENO SABIO;13;13;45;false
53017587;ESC CRIANCA EM ACAO;9;9;18;false
53017595;ESC CANADENSE DE AGUAS CLARAS;26;8;40;false
53017609;COL CENESC;6;6;5;false
53017617;ME POE NA HISTORIA - EDUC INF;12;10;45;false
53017625;CED SANTA CARMEN SALLES;29;4;26;false
53017633;COL CCA;5;4;14;false
53016459;CEPI PICA-PAU BRANCO;9;9;38;false
53016467;CEPI ANGICO;8;8;36;false
53016475;CEPI AROEIRA;10;9;35;false
53016483;CEPI SABIA-LARANJEIRA;8;8;35;false
53016491;CEPI FLOR DE PEQUI;9;9;38;false
53016505;CEPI IPE-AMARELO;9;9;40;false
53016513;CEPI ESTRELA-DO-CERRADO;9;9;42;false
53016521;CEPI JOAO-DE-BARRO;8;8;38;false
53016530;CEPI CANELA-DE-EMA;9;9;31;false
53016548;CEPI JASMIM;9;9;32;false
53016564;CEPI MACAUBA;9;9;43;false
53016572;CEPI SEMPRE-VIVA;9;9;38;false
53016580;C DE EDUC PROFISSIONAL DE CEILANDIA;14;2;32;false
53016599;COL ALUB SEDE VII;22;14;59;false
53007395;CEF 18 DE CEILANDIA;20;17;72;false
53007409;CEF 19 DE CEILANDIA;20;18;71;false
53016050;FACIPLAC;0;0;0;false
53010868;COL VITAL BRAZIL;48;36;78;false
53010914;ESC EVANGELICA RECANTO DO CEU;11;9;10;false
53010949;CE MENINO MALUQUINHO;13;13;38;false
53010973;CED PROJECAO SOBRADINHO;26;26;60;false
53010981;CIL DO GUARA;12;12;69;false
53010990;ESC CANTINHO MAGICO;29;29;105;false
53011007;ACAO SOCIAL PAULA FRASSINETTI;9;9;45;false
53011015;EC RIACHO FUNDO;15;13;73;false
53011023;CED 02 DO RIACHO FUNDO;15;15;129;false
53011031;CEM 01 DE SAO SEBASTIAO;19;17;134;false
53011040;CEF DO BOSQUE;17;15;87;false
53011058;CR CRUZ DE MALTA SAO JOAO BATISTA DE JERUSALEM;9;9;52;false
53008057;EC 56 DE CEILANDIA;18;18;68;false
53008073;EC 59 DE CEILANDIA;14;14;65;false
53008081;CEF 34 DE CEILANDIA;15;14;62;false
53008090;EC 61 DE CEILANDIA;18;18;70;false
53012046;CEF 10 DO GUARA;15;13;69;false
53012054;CEF SANTOS DUMONT;20;20;105;false
53012062;CEF 201 DE SANTA MARIA;15;15;122;false
53012070;EC AGUILHADA;6;6;38;false
53012089;EC 02 DO RIACHO FUNDO;16;16;64;false
53012097;CED 123 DE SAMAMBAIA;15;15;78;false
53012119;CED 308 DO RECANTO DAS EMAS;15;15;73;false
53012127;CEF 405 DO RECANTO DAS EMAS;16;16;115;false
53012135;CEI 01 DE BRASILIA;17;17;125;false
53012151;CEI DA CANDANGOLANDIA;10;9;53;false
53012160;EDUCANDARIO ESPIRITA SEMENTINHA DE LUZ;7;7;37;false
53008839;EC 05 DO CRUZEIRO;8;8;54;false
53008847;EC 06 DO CRUZEIRO;9;9;46;false
53008855;EC 08 DO CRUZEIRO;20;16;37;false
53008863;ESC MUNDO MAGICO;11;11;46;false
53008898;JI 01 DO CRUZEIRO;6;6;35;false
53008901;ESC MAT E JI BARQUINHO AMARELO;8;8;19;false
53008944;CAIC AYRTON SENNA;31;26;73;false
53008952;CAIC HELENA REIS;20;20;116;false
53008979;CED MYRIAM ERVILHA;22;22;135;false
53008987;CEF 404 DE SAMAMBAIA;16;15;97;false
53012860;COL GALOIS;30;28;154;false
53012887;EC 401 DO RECANTO DAS EMAS;20;20;99;false
53012895;ESC DA NATUREZA;5;5;18;false
53012909;ESC DNA;20;14;75;false
53012941;COL CIMAN;61;58;231;false
53009576;CED SIGMA - LAGO SUL;36;36;50;false
53009584;CEF 06 DE BRASILIA;12;12;101;false
53009592;COL NOSSA SENHORA DO PERPETUO SOCORRO;27;23;107;false
53009606;INST EDUCACIONAL SAO JUDAS TADEU;8;8;47;false
53009614;JI VI COMAR;6;6;27;false
53009649;CAIC ALBERT SABIN;36;26;116;false
53009657;CAIC SANTA MARIA;34;34;144;false
53009665;CEF 308 DE SANTA MARIA;24;24;118;false
53009673;EC 206 DE SANTA MARIA;25;16;95;false
53009681;EC 116 DE SANTA MARIA;20;18;86;false
53009690;CEF 316 DE SANTA MARIA;17;15;113;false
53009703;EC 203 DE SANTA MARIA;36;36;120;false
53009711;CEF SARGENTO LIMA;11;10;52;false
53009720;CAIC UNESCO;43;43;240;false
53016033;FACULDADES LS FACELS;0;0;0;false
53012208;CR CANTINHO DO CEU;0;0;0;false
53015924;C UNIVERSITARIO INST DE EDUC SUPERIOR DE BRASILIA - IESB - UNIDADE ASA NORTE;0;0;0;false
53017641;CIESB - C INTERNACIONAL EVANGELICO SUICO BRASILEIRO;13;13;55;false
53017650;GALOIS - FILIAL 1;10;5;28;false
53017668;IFB - CAMPUS RECANTO DAS EMAS;10;10;75;false
53017676;EDEN GARDEN BILINGUAL SCHOOL;11;8;16;false
53017684;UNYLEYA ESC TECNICA - UNYTECH;10;10;17;false
53017692;VIRAVENTOS ESCOLA INFANTIL;11;10;52;false
53017706;INST EDUCACIONAL SOARES;10;10;22;false
53017714;COL BIANGULO II;7;7;26;false
53017722;COLEGIO GAUI;10;7;12;false
53017765;REDE DE ENSINO CERTO - UNIDADE VICENTE PIRES;9;9;29;false
53018206;COL CECCO - CE CANTINHO DO CORACAO;7;7;8;false
53018605;CEF 113 DO RECANTO DAS EMAS;20;20;104;false
53019008;ESC PASSINHOS DO SABER;7;7;7;false
53019202;COL CRIART;11;11;14;false
53016602;SERVICO NACIONAL DE APRENDIZAGEM COMERCIAL - SENAC;13;13;28;false
53016637;ESC CENED;50;50;21;false
53016645;IFB - CAMPUS CEILANDIA;13;13;95;false
53016653;IFB - CAMPUS ESTRUTURAL;14;14;96;false
53016661;COL RODRIGUES DE SOUZA;4;4;4;false
53016688;INST DE EDUC VITORIA REGIA;11;8;52;false
53016696;GALOIS INFANTIL;15;12;36;false
53016718;CEPI CAPIM DOURADO;9;9;34;false
53014960;CR ESC BALAOZINHO;0;0;0;false
53012526;CR ESPIRITA MARIA DE NAZARE;0;0;0;false
53016726;UNICO EDUCACIONAL;11;11;57;false
53016734;CIL 01 DE SAO SEBASTIAO;13;8;13;false
53016742;CIL 01 DO NUCLEO BANDEIRANTE;8;8;13;false
53016750;CEPI ARARAUNA;9;9;39;false
53016769;ESC PRIMEIROS PASSOS;7;7;14;false
53016777;CEPI JACARANDA;9;9;39;false
53011066;CED 104 DO RECANTO DAS EMAS;29;29;154;false
53011074;COL MARISTA JOAO PAULO II;45;41;285;false
53016556;C UNIVERSITARIO PLANALTO DO DISTRITO FEDERAL;0;0;0;false
53008910;CASA AZUL FELIPE AUGUSTO;0;0;0;false
53014561;JI 116 DE SANTA MARIA;11;11;58;false
53014570;EC VILA NOVA;20;20;90;false
53014588;EC BELA VISTA;23;23;86;false
53014596;JI 603 DO RECANTO DAS EMAS;11;11;65;false
53014618;EC 803 DO RECANTO DAS EMAS;20;20;92;false
53014626;JI 01 DO RIACHO FUNDO II;11;11;45;false
53014634;CED MEUS AMIGUINHOS;4;4;8;false
53014642;INST TECNICO DE EDUC DE BRASILIA - ASA SUL;18;9;36;false
53014685;COL VITORIA REGIA;20;20;240;false
53014693;INST NAIR VALADARES - INAV;9;8;32;false
53014707;CED CCI SENIOR;77;77;99;false
53014766;CIEIC - C INTEGRADO DE EDUC IRMAOS CARVALHO;11;10;30;false
53012178;EC SAO BARTOLOMEU;4;4;28;false
53012186;CEF 101 DO RECANTO DAS EMAS;19;19;97;false
53012194;CEM 111 DO RECANTO DAS EMAS;26;26;139;false
53012267;ESPACO CRIANCA - C EDUC;13;13;59;false
53000854;CEF 01 DO PLANALTO;10;10;48;false
53000862;CEF 02 DE BRASILIA;7;7;37;false
53000870;CEF 03 DE BRASILIA;9;8;54;false
53000889;CEF 04 DE BRASILIA;7;7;39;false
53000897;CEF 05 DE BRASILIA;8;8;60;false
53000919;CEF GAN;13;13;57;false
53000927;CEF POLIVALENTE;17;17;75;false
53000951;ESC SEB DINATOS;43;43;138;false
53000960;COL MAURICIO SALLES DE MELLO;22;19;78;false
53000986;CEM PAULO FREIRE;17;17;58;false
53001010;CEM ASA NORTE - CEAN;14;14;67;false
53012950;COL SABER;12;11;63;false
53012968;ESC RAVELO;9;9;22;false
53012976;CIL DE BRAZLANDIA;19;19;47;false
53012984;CED SANTA MARIA ROSA MOLAS - CEMAR;10;10;30;false
53013034;CEF 01 DO RIACHO FUNDO II;22;22;143;false
53013042;C DE CRIATIVIDADE INFANTO-JUVENIL - CCI;77;77;108;false
53013069;ESC RECREANDO;8;8;9;false
53013085;COL PODION;17;13;75;false
53013093;CR SOLDADINHO DE CHUMBO;5;5;21;false
53013417;CE CHICO XAVIER DA 408 SUL;0;0;0;false
53010140;ESC GENTE FELIZ;0;0;0;false
53008715;JI MONICA;0;0;0;false
53001630;EC 312 NORTE;8;8;44;false
53001648;EC 314 SUL;8;8;43;false
53001664;CEF 316 NORTE;9;9;22;false
53001672;EC 316 SUL;10;10;55;false
53001680;EC 403 NORTE;7;7;39;false
53013670;CED LEONARDO DA VINCI - UNIDADE TAGUATINGA;110;69;295;false
53013697;ESC CANARINHO AMARELO;16;16;80;false
53013719;CED SARON;6;6;9;false
53013743;LS ESC TECNICA;30;30;88;false
53013760;INST PIAGETIANO DE EDUC - IPE;9;9;22;false
53013794;MONTESSORIANA ESC INF;12;12;59;false
53013832;EC 04 DE SOBRADINHO;9;9;40;false
53013840;CED STELLA DOS CHERUBINS GUIMARAES TROIS;20;27;143;false
53013867;EC 604 DE SAMAMBAIA;25;25;125;false
53013875;COL SERIOS;54;54;169;false
53013883;ESC MUNDO INOCENTE;5;5;9;false
53013891;COL ALTO NIVEL;11;11;42;false
53013905;CED JUSCELINO KUBITSCHEK - ASA NORTE II;18;14;56;false
53013913;ORIGINAL - C DE EDUC INF;4;4;7;false
53014383;ESC PORTO SEGURO;0;0;0;false
53014812;CEM INTEGRADO A EDUC PROFISSIONAL DO GAMA;12;12;70;false
53014820;CIP - COL INTEGRADO POLIVALENTE;14;14;32;false
53014839;C INTEGRADO DE EDUC INF NOSSA SENHORA MAE DOS HOMENS;7;7;33;false
53014847;COL DO SOL;50;50;125;false
53014855;EC 65 DE CEILANDIA;28;25;97;false
53014863;EC 02 DO RIACHO FUNDO II;13;13;67;false
53014871;EC 01 DO ITAPOA;17;17;102;false
53014880;CED SAO BARTOLOMEU;21;21;168;false
53014898;ESC PEQUENOS BRILHANTES;9;6;13;false
53014901;COL DOM JOSE;13;13;36;false
53014910;ESC DE PAISAGISMO DE BRASILIA;4;4;13;false
53014928;ESCOLINHA BEIJA-FLOR;10;10;39;false
53014952;INST EDUCACIONAL SALOMAO;10;10;18;false
53014979;COLINHO DE MAE CR E ESC;10;10;35;false
53008723;JI PEQUENO SOL;0;0;0;false
53011554;C TREINAMENTO SALVADOR AVERSA - SENAI;0;0;0;false
53016785;CED 01 DE BRASILIA;35;35;78;false
53016793;EC 203 DO RECANTO DAS EMAS;13;13;45;false
53016807;CEPI GAVIAO;8;8;33;false
53016815;CIL 01 DO PARANOA;12;10;40;false
53016823;COL MARISTA PIO XII DE BRASILIA;24;24;127;false
53016831;LYCCEE FRANCAIS FRANCOIS MITTERRAND;53;53;91;false
53016840;COL KADIMA;2;2;18;false
53016858;CE VITORIA REGIA;9;9;50;false
53016866;ESC DE EDUC INF CUT-CUT;5;5;7;false
53014103;ESC MONTEMINE;0;0;0;false
53016874;INEDI - INST DE ENSINO PROFISSIONALIZANTE;0;2;16;false
53016882;UNICO;4;4;15;false
53016890;ESC COLINHO DA VOVO;4;4;11;false
53016904;ESC DE EDUC INF ARARA AZUL;50;50;195;false
53016912;COL CEFABS;8;8;12;false
53014782;ESC LAZARO LUIZ ZAMENHOF-CURUMIM;6;6;10;false
53014790;ESC APLICACAO;4;4;9;false
53003616;CED 06 DE TAGUATINGA;24;20;171;false
53003624;CED 07 DE TAGUATINGA;20;17;94;false
53003632;CEM AVE BRANCA;28;28;249;false
53003640;CED CATOLICA DE BRASILIA;97;97;341;false
53003659;COL MARISTA CHAMPAGNAT;64;60;298;false
53003667;COL OBJETIVO DF - UNIDADE I;50;32;150;false
53003683;CEM TAGUATINGA NORTE;20;20;106;false
53003691;CEM EIT;20;20;213;false
53003713;COL JESUS MARIA JOSE;38;25;102;false
53003721;CED PROJECAO TAGUATINGA NORTE;41;33;81;false
53003730;CLARETIANO - CED STELLA MARIS;40;40;150;false
53003802;CEE 01 DE CEILANDIA;28;28;154;false
53001036;CEM ELEFANTE BRANCO;27;27;130;false
53001044;CED GISNO;21;21;142;false
53001060;COL LA SALLE BRASILIA;44;44;100;false
53016076;C UNIVERSITARIO EURO AMERICANO - UNIEURO ASA NORTE;0;0;0;false
53013573;TIA ELZA MAT E JI;0;0;0;false
53008260;COL ALUB - SEDE V;0;0;0;false
53015436;ESC BARQUINHO DE PAPEL;0;0;0;false
53004825;COL BERLAAR MADRE BLANDINA;20;20;29;false
53004868;COL ALUB - SEDE IV;13;11;44;false
53004876;ESC NOSSA SENHORA DE LOURDES;8;8;20;false
53004930;CFP TAGUATINGA - CFP-T - SENAI;75;75;247;false
53004949;EDUC DO SERVICO SOCIAL DO COMERCIO - EDUSESC;50;50;205;false
53004965;COL VIP;15;13;35;false
53004973;CAIC PROF BENEDITO CARLOS DE OLIVEIRA;30;30;172;false
53004981;CED INCRA 08;18;18;100;false
53004990;CEF 01 DE BRAZLANDIA;18;18;73;false
53005007;CEF VENDINHA;12;12;84;false
53001699;EC 405 NORTE;8;8;57;false
53001702;CEF 405 SUL;12;12;44;false
53001710;EC 407 NORTE;7;7;43;false
53001729;CEF 410 NORTE;10;10;64;false
53001737;EC 410 SUL;8;8;44;false
53001745;EC 411 NORTE;7;5;44;false
53001753;EC 413 SUL;10;10;41;false
53001761;EC 415 NORTE;8;8;36;false
53001770;EC 416 SUL;11;11;63;false
53001788;EC 708 NORTE;9;9;40;false
53014715;COL EVANGELICO ARTUR XAVIER DE PAULA;0;0;0;false
53005732;EC ENGENHO VELHO;8;8;54;false
53005740;CED PROF CARLOS RAMOS MOTA;17;17;126;false
53005759;EC MORRO DO SANSAO;5;5;38;false
53005767;EC RIBEIRAO;3;3;17;false
53002377;CR MAT JI MEU PEQUENO MUNDO;8;8;20;false
53002407;ESC SAGRADA FAMILIA MENINO DEUS;15;15;62;false
53002423;SIBIPIRUNA - ESC INF;6;6;26;false
53002458;CAIC CARLOS CASTELLO BRANCO;25;20;88;false
53002466;CEF PONTE ALTA DO BAIXO;6;6;44;false
53002474;CED GESNER TEIXEIRA;20;20;127;false
53002482;CED 08 DO GAMA;25;15;93;false
53002490;CEF 04 DO GAMA;28;23;101;false
53002504;CEF 05 DO GAMA;23;23;104;false
53002512;CEF 08 DO GAMA;15;15;83;false
53002520;EC 29 DO GAMA;25;15;78;false
53002539;CEF 10 DO GAMA;20;16;104;false
53002547;CEF 11 DO GAMA;20;13;124;false
53002563;CED 07 DO GAMA;18;18;123;false
53002571;CE DO SESI - DF GAMA;28;23;69;false
53019407;CEM 804 DO RECANTO DAS EMAS;23;23;111;false
53019601;CEF DOUTORA ZILDA ARNS;20;20;142;false
53019806;CED SAO FRANCISCO;22;2;132;false
53020006;CED SIGMA - ASA NORTE;40;25;100;false
53025008;ESC EDUC ARTE;9;10;37;false
53026004;COL SANTA MARIA;22;21;28;false
53028007;CEF ABC;17;13;20;false
53029003;CEP SENAC - SOBRADINHO;10;10;30;false
53029011;COL LE PETIT GALOIS;17;16;80;false
53030001;EICCA - EDUC INF CRISTA CRESCENDO E APRENDENDO;8;7;14;false
53031008;CRESCE;10;10;27;false
53032012;COL BARAO DO RIO BRANCO;25;25;70;false
53033019;EDUC DO SERVICO SOCIAL DO COMERCIO - EDUSESC CEILANDIA;18;18;68;false
53035003;COL CULTURAL;6;6;14;false
53016920;ESC PAULINA DE JESUS;50;50;26;false
53016939;NOVA FENIX INST DE EDUC;5;4;8;false
53016947;ESC PEQUENO UNIVERSO;2;2;4;false
53016955;CED EVOLUCAO;2;2;20;false
53016963;CE DO SESI DF - SOBRADINHO;5;5;93;false
53016971;COL MAFRA;9;9;36;false
53016980;CIL 01 DE SAMAMBAIA;5;3;26;false
53016998;QUERUBIM SAUDE C TECNICO E ASSISTENCIA DE ENFERMAGEM;5;5;20;false
53017005;EC 06 DO PARANOA;20;19;85;false
53011848;ESC DE 1 GRAU MAMMY;0;0;0;false
53014944;ESC UNIVERSO DO SABER;0;0;0;false
53017013;CEI 07 DE TAGUATINGA;7;7;63;false
53017021;ESC EDUCARTE;50;50;31;false
53017030;COL IDEAL FUNDAMENTAL - UNIDADE V;36;36;201;false
53017048;COL PODION ENSINO FUNDAMENTAL;16;11;49;false
53017056;JI 06 DO GAMA;8;8;41;false
53003810;CEE 01 DE TAGUATINGA;55;55;256;false
53003969;CIL DE CEILANDIA;24;24;94;false
53010736;ASSOC DOS AMIGOS DOS AUTISTAS DO DISTRITO FEDERAL - AMADF;0;0;0;false
53011856;ESC DE EDUC INF PIU PIU;0;0;0;false
53007417;CEF 20 DE CEILANDIA;18;18;92;false
53007425;CEM 12 DE CEILANDIA;19;19;114;false
53007450;CEF PROF MARIA DO ROSARIO GONDIM DA SILVA;25;21;86;false
53007468;REDE DE ENSINO CERTO;21;21;69;false
53007492;CEM 02 DE CEILANDIA;30;28;120;false
53007506;CEM 03 DE CEILANDIA;30;28;168;false
53007514;CEM 04 DE CEILANDIA;15;15;119;false
53007522;CEF 25 DE CEILANDIA;23;23;134;false
53007530;CED 06 DE CEILANDIA;16;16;115;false
53007549;CED 07 DE CEILANDIA;33;33;132;false
53007557;CEM 09 DE CEILANDIA;15;15;84;false
53007565;CEM 10 DE CEILANDIA;20;14;68;false
53005015;CEM 01 DE BRAZLANDIA;20;20;112;false
53005023;CED 02 DE BRAZLANDIA;21;20;107;false
53005031;CED DE INTELIGENCIA;14;14;24;false
53005040;CEE 01 DE BRAZLANDIA;23;23;163;false
53013123;ESPRECE - ESC PRESBITERIANA DO CENTENARIO;0;0;0;false
53008103;EC 62 DE CEILANDIA;15;15;73;false
53008111;CEF BOA ESPERANCA;6;6;51;false
53008120;EC CORREGO DAS CORUJAS;3;3;20;false
53008138;EC DO SETOR P NORTE;15;15;61;false
53008146;CED INCRA 09;13;13;85;false
53008154;EC JIBOIA;2;2;18;false
53008162;EC LAJES DA JIBOIA;7;7;30;false
53008170;EC 64 DE CEILANDIA;28;23;102;false
53008189;ESC DE EDUC BASICA E PROF FUNDACAO BRADESCO;27;27;108;false
53008308;ESCOLINHA DO LELEU;5;4;8;false
53005775;EC RUA DO MATO;5;5;27;false
53005783;EC SANTA HELENA;5;5;42;false
53005791;EC SITIO DAS ARAUCARIAS;5;5;25;false
53005805;EC SONHEM DE CIMA;4;4;30;false
53005813;EDUCANDARIO EURIPEDES BARSANULFO;28;28;93;false
53005848;CEE 01 DE SOBRADINHO;14;14;117;false
53005899;INST EDUCACIONAL STO ELIAS;39;39;127;false
53005910;INST SAO JOSE;47;47;94;false
53005929;CEI 01 DE SOBRADINHO;8;8;33;false
53005937;CEI 02 DE SOBRADINHO;11;11;54;false
53005945;COL APROVACAO GENIO;13;13;36;false
53008995;CEF 312 DE SAMAMBAIA;17;17;114;false
53009002;CEF 411 DE SAMAMBAIA;18;18;93;false
53009010;CEF 507 DE SAMAMBAIA;18;18;80;false
53009029;CEM 304 DE SAMAMBAIA;20;20;135;false
53006526;EC PEDRA FUNDAMENTAL;6;6;26;false
53006534;EC RAJADINHA;4;4;28;false
53006550;EC SANTOS DUMONT;4;4;29;false
53006585;ESC ADVENTISTA DE PLANALTINA;33;22;45;false
53006682;JI CASA DE VIVENCIA;7;7;42;false
53006712;CAIC SANTA PAULINA;26;26;124;false
53006720;CED DO PAD-DF;17;17;94;false
53006739;CEM 01 DO PARANOA;19;19;150;false
53006747;EC 01 DO PARANOA;19;19;105;false
53006755;EC 02 DO PARANOA;27;27;121;false
53006763;EC 03 DO PARANOA;15;15;62;false
53006771;EC 04 DO PARANOA;18;18;96;false
53006780;EC 05 DO PARANOA;12;12;56;false
53006798;EC ALTO INTERLAGOS;4;4;32;false
53006801;EC BOQUEIRAO;3;3;20;false
53014987;CE E VIVENCIA INF VOVO ANA-CEVIVA;9;8;24;false
53014995;MAT CONSTRUCAO DO SABER;5;5;17;false
53015002;ESC ANJO GABRIEL;10;7;11;false
53015010;ESC CANADENSE DE BRASILIA;25;25;350;false
53015045;CE TIO PATINHAS;8;8;12;false
53015088;COL OBJETIVO GAMA;15;15;40;false
53015096;CED GENESIS;50;50;16;false
53015118;ESC CRIANCA ESPERANCA;12;6;16;false
53015134;CED VICENTE PIRES;16;16;32;false
53015142;ESC INTERNACIONAL BRASIL-SUICA;28;10;37;false
53015150;RECANTO INF CALAZANS;13;8;15;false
53015169;CEAV JUNIOR - CED ALMEIDA VIEIRA JUNIOR;11;11;49;false
53015177;ESCOLINHA CASA DA ALEGRIA;10;10;15;false
53015193;ESC PONTA DE LAPIS;7;7;18;false
53017064;EC 502 DE SAMAMBAIA;11;11;52;false
53017072;JI 02 DO CRUZEIRO;4;4;27;false
53017080;CEF 03 DA ESTRUTURAL;18;13;57;false
53017099;CEPI CUTIA;8;8;36;false
53017102;COL VISAO;42;26;62;false
53017110;CEPI MANGABEIRA;9;9;40;false
53017129;CEPI SAGUI;9;9;33;false
53017137;CEPI PERDIZ;9;9;37;false
53017145;PRO-VIDA CEI;8;8;42;false
53017153;CEI TIA NAIR;29;19;108;false
53011635;ESC NOVO HORIZONTE;0;0;0;false
53014081;ESC TECNICA CENACAP;0;0;0;false
53017161;C DE EDUC SAO FILIPPO SMALDONE;6;6;8;false
53017170;CEI TIA NAIR - UNIDADE I;9;9;44;false
53017188;COL ALUB SEDE XI;22;18;72;false
53017196;COL ALUB SEDE XIII;22;15;41;false
53007603;CEP - ESC TECNICA DE CEILANDIA;40;38;170;false
53007611;COL TIRADENTES;21;20;58;false
53013255;CED ECILDA RAMOS;0;0;0;false
53010531;ESC CANGURU EDUC INF;0;0;0;false
53011767;ESC MEU PRIMEIRO MUNDO;0;0;0;false
53007590;C COMUNITARIO SAO LUCAS;0;0;0;false
53011112;ESC BATISTA PEDRAS VIVAS;12;8;11;false
53011120;ESC FUNDAMENTAL PARAISO;23;23;77;false
53011171;EIN - ESC ISAAC NEWTON;16;15;34;false
53011236;MAJEST CED;8;8;9;false
53011252;COL GALILEU;7;7;24;false
53011279;ESC PICA-PAU;5;5;15;false
53011295;ESC MUNDO MAGICO DO SABER;15;15;33;false
53011309;ESC CANTINHO CRISTAO;9;9;38;false
53011350;CIL DO GAMA;18;18;97;false
53011368;CED CERTO;26;15;49;false
53011449;COL EDUCRIARTE;9;9;18;false
53008316;INSTEI - CE;30;22;57;false
53008332;EC 31 DE CEILANDIA;20;19;82;false
53008340;EC 35 DE CEILANDIA;23;23;81;false
53008359;INST SOUSA ARANTES;12;8;15;false
53015592;LAR DA CRIANCA DE BRASILIA;0;0;0;false
53005422;CE EDUCAR;0;0;0;false
53014731;CED ISAAC NEWTON;0;0;0;false
53012275;CR NOSSA SENHORA DA DIVINA PROVIDENCIA;8;8;42;false
53012283;ESC ISAAC NEWTON META;7;7;26;false
53012305;COL CRESCER;16;9;22;false
53012330;COL WGS;21;21;78;false
53012356;CED DO LAGO NORTE;14;14;101;false
53012380;COL REACAO;30;30;48;false
53012399;CR IRMA ELVIRA;6;6;35;false
53012429;CEF 01 DO PARANOA;20;20;137;false
53012437;CR COMUNITARIA DA QE 38;4;4;23;false
53009053;EC 108 DE SAMAMBAIA;19;18;93;false
53009061;EC 111 DE SAMAMBAIA;10;10;46;false
53009070;CEF 120 DE SAMAMBAIA;15;15;81;false
53009088;EC 121 DE SAMAMBAIA;19;16;62;false
53009096;EC 303 DE SAMAMBAIA;14;10;62;false
53009118;EC 317 DE SAMAMBAIA;17;12;51;false
53009126;EC 318 DE SAMAMBAIA;16;15;78;false
53009134;EC 325 DE SAMAMBAIA;17;17;64;false
53009142;EC 403 DE SAMAMBAIA;17;17;66;false
53009150;CEF 407 DE SAMAMBAIA;16;15;61;false
53009169;EC 410 DE SAMAMBAIA;14;14;84;false
53013115;TINDOLELE ESC DE EDUC;4;4;6;false
53013140;INST DE EDUC MONTESQUIEU;13;13;26;false
53013158;CEI - ASSEFE - CEI DA ASSOC DOS SERVIDORES DO SENADO FEDERAL;12;12;85;false
53009738;CEF CERAMICA SAO PAULO;15;13;80;false
53009746;CEF NOVA BETANIA;15;15;70;false
53009754;EC AGROVILA SAO SEBASTIAO;13;13;55;false
53009762;EC CACHOEIRINHA;7;6;24;false
53009770;EC CERAMICA DA BENCAO;13;13;73;false
53009797;CEF JATAI;10;10;41;false
53009819;CEP - ESC TECNICA DE BRASILIA;44;44;150;false
53009827;ESC MAE DA DIVINA PROVIDENCIA;14;14;43;false
53009851;CEF 213 DE SANTA MARIA;19;19;115;false
53009860;CEF 306 DO RECANTO DAS EMAS;24;24;90;false
53009878;CEF 403 DE SANTA MARIA;17;17;84;false
53009916;CEAC - CED ANGELA CLARA;50;50;54;false
53009940;COL PRESBITERIANO MACKENZIE - BRASILIA;62;58;342;false
53009967;C OLIMPICO DE ENSINO;25;25;47;false
53013174;C SOCIAL JOAO PAULO II;0;0;0;false
53012917;ESC DE EDUC INF KENNEDY;0;0;0;false
53009517;CRIARTE CE;0;0;0;false
53037006;COL DIVINO CORACAO DE JESUS;7;7;12;false
53038002;CEM DELTA;10;6;34;false
53040007;ESC SANTO AGOSTINHO;4;3;7;false
53040015;CED DA CRIANCA;9;9;45;false
53044002;COL IPEMAX;50;35;79;false
53045009;CEP SENAC - JESSE FREIRE;23;23;55;false
53046005;COL MC - MAGIA DE CRIANCA;13;10;17;false
53047001;CEI AGUAS CLARAS;9;9;56;false
53047010;EC 16 DE PLANALTINA;15;2;94;false
53047028;EC 01 DO ARAPOANGA;15;15;67;false
53048008;CED 01 DA ESTRUTURAL;20;20;120;false
53050002;CEI 310 DO RECANTO DAS EMAS;9;9;46;false
53051009;CEM JULIA KUBITSCHEK;18;15;99;false
53052005;C DE EDUC INTEGRADA PILARES;8;8;8;false
53017218;THE BRITISH SCHOOL OF BRASILIA;10;10;40;false
53017234;CEP ARTICULADO DO GUARA - PROF TERESA ONDINA MALTESE;10;10;43;false
53017250;ESC PEQUENO GENIO;5;4;7;false
53017269;COL METROPOLITANA;28;15;24;false
53017277;CEI 04 DE SAO SEBASTIAO;10;8;36;false
53017285;ESC PEQUENOS GENIAIS;4;4;9;false
53017293;UNICO EDUCACIONAL TAGUATINGA;11;8;48;false
53017315;CED LOGOS;23;21;45;false
53017323;CEPI PINHEIRINHO ROXO;8;8;34;false
53017331;CRESCE - EDUC INF E ENS FUND;12;12;46;false
53017358;ESC DE EDUC INF PRIMEIROS PASSOS;6;6;16;false
53017366;COL PRIME;15;15;28;false
53017374;COL SABER;5;5;24;false
53017390;EDUC DO SERVICO SOCIAL DO COMERCIO - EDUSESC SAMAMBAIA;50;50;51;false
53011457;CE CASTELO ENCANTADO;15;10;24;false
53011465;COL MONTE SIAO;7;7;11;false
53011490;CEF NOSSA SENHORA FATIMA;14;14;89;false
53011619;MAT JI CARROSSEL;0;0;0;false
53000200;CEE 02 DE BRASILIA;37;37;167;false
53001400;COL SANTA DOROTEIA;29;19;106;false
53001800;EC DO SMU;7;7;37;false
53002300;JI 304 NORTE;5;5;29;false
53003500;CEF 11 DE TAGUATINGA;15;15;109;false
53005600;CIL DE SOBRADINHO;16;16;77;false
53006500;EC PALMEIRAS;3;3;16;false
53007000;EC IPE;13;13;78;false
53007700;EC 10 DE CEILANDIA;11;11;68;false
53008600;EC 06 DO GUARA;13;13;83;false
53009100;CEI 307 DE SAMAMBAIA;13;10;51;false
53011600;CEF 206 DO RECANTO DAS EMAS;15;15;120;false
53012445;CR TIA JOANA DO LUCIO COSTA;3;3;18;false
53012453;ESC CIA DA CRIANCA;10;9;20;false
53012470;CR NUCLEO BANDEIRANTE;10;8;30;false
53012488;CEI 01 DE SAO SEBASTIAO;12;12;74;false
53012496;EC VILA DO BOA;5;5;37;false
53010566;ESC ESTRELINHA MAGICA;0;0;0;false
53001087;CED LEONARDO DA VINCI;36;28;189;false
53001095;CED LEONARDO DA VINCI - UNID NORTE;90;75;170;false
53001109;CED MARIA AUXILIADORA;27;25;92;false
53001192;CED SAGRADA FAMILIA;49;42;112;false
53001206;CEM SETOR LESTE;24;24;103;false
53001214;CEM SETOR OESTE;15;14;99;false
53001222;CED SIGMA;89;78;110;false
53001249;CEP SENAC - PLANO PILOTO;30;25;78;false
53013166;COL VITORIA;30;30;85;false
53013182;COL ESPLANADA;25;14;51;false
53013190;COL TRIANGULO RECANTO;15;14;38;false
53013204;COL DJ;26;16;48;false
53013212;COL ATHOS;21;21;50;false
53013220;ESC MOARA;19;19;51;false
53013239;CEF 802 DO RECANTO DAS EMAS;22;20;131;false
53013247;EC 510 DO RECANTO DAS EMAS;21;21;89;false
53013263;CEI 01 DO GAMA;10;10;55;false
53013280;EC VALE DO SOL;5;5;31;false
53013298;ESC MASTER II;12;12;21;false
53002555;CEF 12 DO GAMA;0;0;0;false
53015916;C UNIVERSITARIO INST DE EDUC SUPERIOR DE BRASILIA - IESB - UNIDADE OESTE;0;0;0;false
53001818;EC GRANJA DO TORTO;5;5;32;false
53001842;EP 210-211 NORTE;14;14;72;false
53001850;EP 210-211 SUL;13;13;63;false
53013921;COL DROMOS;15;15;69;false
53013930;ESC VILA DAS CRIANCAS;25;23;61;false
53013948;EDUCANDARIO DE MARIA IDEALIZAR;22;10;12;false
53013964;COL CENTRO-OESTE;8;8;9;false
53013972;CEF 07 DE BRASILIA;15;15;81;false
53013980;EC 01 DA VILA ESTRUTURAL;24;24;96;false
53014006;CEFS - C EDUC FONTE DO SABER;8;8;25;false
53014014;INST EDUCACIONAL VITORIA REGIA;18;12;30;false
53014022;COL ALUB - SEDE VI;23;23;66;false
53014057;COL ATIVO;20;16;50;false
53014090;ESC DE EDUC INF CASTELINHO PIM;7;7;27;false
53014111;COL IDEAL;72;72;192;false
53014154;ESC CASA DE BRINQUEDOS;15;15;52;false
53014162;MONT BLANC INST DE ENSINO;13;13;10;false
53015215;IFB - CAMPUS BRASILIA;40;40;180;false
53015223;IFB - CAMPUS TAGUATINGA;17;17;120;false
53015231;IFB - CAMPUS SAMAMBAIA;26;26;106;false
53015240;IFB - CAMPUS GAMA;24;24;103;false
53015258;ESC NDII - NUCLEO DE DESENVOLVIMENTO INF INTEGRAL;8;6;27;false
53015266;LAR MAE DA DIVINA GRACA;5;5;14;false
53015274;ESC CRIANDO E RECRIANDO;6;6;14;false
53015290;ESC BRINCANDO E CONSTRUINDO O FUTURO;6;6;8;false
53015320;CR CRUZ DE MALTA NOSSA SENHORA DO FILERMO;11;11;76;false
53015339;CEI 01 DA ESTRUTURAL;11;11;58;false
53015347;CED SIGMA AGUAS CLARAS;44;42;152;false
53015355;ESC CASTELINHO MAGICO;8;7;13;false
53015363;CED INTERAGINDO;3;3;2;false
53015371;COL IBE PREMIER;11;3;11;false
53008871;ESC RECANTO CULTURAL;0;0;0;false
53001966;EC DA ACAO SOCIAL DO PLANALTO;0;0;0;false
53017404;EC 68 DE CEILANDIA;29;29;69;false
53017412;CEF 09 DE SOBRADINHO;18;14;51;false
53017420;EDUC DO SERVICO SOCIAL DO COMERCIO - EDUSESC - PRESIDENTE DUTRA;50;50;75;false
53017439;COL PROMOVE DE BRASILIA;9;6;44;false
53017447;CEPI CAPIM ESTRELA;9;9;39;false
53017455;CEPI ROSA-DO-CERRADO;9;9;39;false
53017463;AFMA C DE EDUC INF - UNIDADE AGUAS CLARAS;7;6;20;false
53017471;CEPI FLAMBOYANT;9;9;38;false
53017480;CIL DO RIACHO FUNDO I;14;1;34;false
53017498;CEJA E EDUC PROFISSIONAL A DISTANCIA DE BRASILIA;1;1;38;false
53013344;ESC NOVA GERACAO;0;0;0;false
53016114;FACULDADE ANHANGUERA DE BRASILIA;0;0;0;false
53010256;C SOCIAL E ESC MARISTA IRMAO FRANCISCO RIVAT;0;0;0;false
53000943;COL VIVER;0;0;0;false
53016149;FACULDADE SANTA TEREZINHA;0;0;0;false
53003993;COL ISAAC NEWTON - CED;0;0;0;false
53011627;ESC NOVO CAMINHAR;0;0;0;false
53033000;C DE EDUC PROFISSIONAL - CEP;0;0;0;false
53001311;COL IMACULADA CONCEICAO;0;0;0;false
53014650;ESC FORM TRABALHADORES EM INFORMATICA - EFTI;0;0;0;false
53016122;FACULDADE DE NEGOCIOS E TECNOLOGIAS DA INFORMACAO - FACNET;0;0;0;false
53015282;INST TECNICO DE EDUC DE BRASILIA - TAGUATINGA SUL;0;0;0;false
53015460;COL PADRAO;0;0;0;false
53013727;COL EVANGELICO BOM SAMARITANO - COEBS;0;0;0;false
53002059;COL MONTEIRO LOBATO;0;0;0;false
53011155;LAR FABIANO DE CRISTO - UPI LIVIA;0;0;0;false
53012640;LAR FABIANO DE CRISTO - CASA DE ABIGAIL;0;0;0;false
53015657;JI PRIMEIRO PASSINHO;0;0;0;false
53008677;INST PRESBITERIANO DE EDUC DE BRASILIA - IPEB;0;0;0;false
53008693;SAO FRANCISCO - EDUC INF E ENS FUND;0;0;0;false
53008731;JI TIO PATINHAS;0;0;0;false
53008740;ESC MAT E JI CASINHA BRANCA;0;0;0;false
53009371;CEF GRANJA DAS OLIVEIRAS;0;0;0;false
53012100;CED 16 DE CEILANDIA;15;14;109;false
53012500;CEI 01 DO PARANOA;15;15;61;false
53013000;ESC DE EDUC INF PATER HOMINIS;8;6;10;false
53003977;CIL DE TAGUATINGA;24;21;117;false
53004027;EC 01 DE TAGUATINGA;11;11;84;false
53004035;EC 06 DE TAGUATINGA;15;13;67;false
53004043;EC 08 DE TAGUATINGA;16;14;78;false
53004051;EC 10 DE TAGUATINGA;14;14;88;false
53004060;EC 11 DE TAGUATINGA;17;15;73;false
53004078;EC 12 DE TAGUATINGA;10;9;61;false
53004086;EC 13 DE TAGUATINGA;8;8;68;false
53004094;EC 15 DE TAGUATINGA;13;13;86;false
53004108;EC 16 DE TAGUATINGA;13;11;68;false
53004116;EC 17 DE TAGUATINGA;8;8;66;false
53004124;EC 18 DE TAGUATINGA;16;16;87;false
53001257;CIL 01 DE BRASILIA;30;29;121;false
53001265;CEF CASEB;19;19;98;false
53001273;CIEF - C INTEGRADO DE EDUC FISICA;12;12;66;false
53001281;COL BATISTA DE BRASILIA;33;33;150;false
53001290;COL COR JESU;41;41;158;false
53001303;COL DOM BOSCO;39;28;96;false
53014219;COL EDUCATIVO;0;0;0;false
53001117;CED NOSSA SENHORA DO ROSARIO;0;0;0;false
53005074;EC 01 DE BRAZLANDIA;8;8;62;false
53005082;EC 03 DE BRAZLANDIA;11;9;57;false
53005090;CEF 02 DE BRAZLANDIA;19;17;123;false
53005104;EC 05 DE BRAZLANDIA;12;12;55;false
53005112;EC 06 DE BRAZLANDIA;11;11;57;false
53005120;EC 07 DE BRAZLANDIA;11;11;53;false
53005139;EC 08 DE BRAZLANDIA;10;10;56;false
53005147;EC ALMECEGAS;8;8;32;false
53001869;EP 303-304 NORTE;15;15;73;false
53001877;EP 307-308 SUL;28;28;113;false
53001885;EP 313-314 SUL;26;26;89;false
53001893;ESC DO PARQUE DA CIDADE - PROEM;15;15;58;false
53001907;CED ADVENTISTA MILTON AFONSO;31;29;136;false
53001915;ESC AMERICANA DE BRASILIA;50;50;169;false
53001923;ESC ANJO DA GUARDA;6;6;24;false
53001931;ESC CANARINHO - ASA SUL;12;10;68;false
53001940;CED CANARINHO;13;13;52;false
53001958;COL CNEC DE BRASILIA;20;20;49;false
53001990;CEP - ESC DE MUSICA DE BRASILIA;94;94;282;false
53006569;EC SAO GONCALO;0;0;0;false
53016360;ASSOC UNIFICADA PAULISTA DE ENSINO RENOVADO OBJETIVO - ASSUPERO - CAMPUS I;0;0;0;false
53005953;CAIC ASSIS CHATEAUBRIAND;37;34;135;false
53005961;CEF 03 DE PLANALTINA;16;16;98;false
53002580;CEM 01 DO GAMA;30;30;167;false
53002598;CEM 02 DO GAMA;31;28;167;false
53002601;CEM 03 DO GAMA;20;19;106;false
53002610;CED 06 DO GAMA;24;24;105;false
53002628;COL ALUB SEDE III;26;26;77;false
53002636;EDUCACIONAL COMPACT GAMA;22;22;46;false
53002652;COL DOM CESAR;23;23;62;false
53002784;CEF 01 DO GAMA;23;23;100;false
53002814;EC 01 DO GAMA;17;17;80;false
53002822;EC 02 DO GAMA;15;15;69;false
53002830;EC 03 DO GAMA;21;16;67;false
53002849;JI 04 DO GAMA;11;8;54;false
53002857;EC 06 DO GAMA;6;6;45;false
53002865;EC 07 DO GAMA;15;10;41;false
53002873;EC 09 DO GAMA;20;17;88;false
53015185;CIESB - C INF EVANGELICO SUICO BRASILEIRO;0;0;0;false
53053001;ESC CARINHA DE ANJO;6;5;10;false
53054008;ESC MISSAO CRIANCA;8;6;10;false
53054016;C DE CONVIVENCIA E EDUC INF MARIA MAE DA PROVIDENCIA;15;12;49;false
53055004;INST GLOBAL DE EDUC;17;17;50;false
53056019;COL CDA;10;7;16;false
53057007;ESC UNIVERSO DA CRIANCA;4;4;8;false
53058003;COL NOSSA SENHORA APARECIDA;15;15;80;false
53060008;CR CANTINHO DE VOCE;8;8;41;false
53061004;C DE CONVIVENCIA EDUCACIONAL INFANTIL DIVINO ESPIRITO SANTO;10;10;45;false
53063007;CR BEM ME QUER;6;6;31;false
53064003;CR LAR DE MARIA;8;8;38;false
53066006;CASA DO CAMINHO;15;15;57;false
53067002;ESC SONHO INFANTIL;7;7;12;false
53068009;C SOCIAL LUTERANO CANTINHO DO GIRASSOL;11;11;62;false
53009487;CED FENIX;0;0;0;false
53009789;EC CURADO;0;0;0;false
53009835;ESC BATISTA SEMENTE DO SABER;0;0;0;false
53009908;INST NAVARRO DE EDUC E CULTURA;0;0;0;false
53010191;COL UNISABER;0;0;0;false
53010272;ESC BATISTA - IBAN;0;0;0;false
53010590;ESC MAT JI GASPARZINHO;0;0;0;false
53010930;ESC BATISTA PR ELIAS BRITO SOBRINHO;0;0;0;false
53011090;ESC AQUARELA EDUCACAO INFANTIL E ENSINO FUNDAMENTAL;0;0;0;false
53011139;C DE CRIATIVIDADE BRANCA DE NEVE E OS SETE ANOES;0;0;0;false
53011147;CR FERNANDA GUIMARAES C AMARAL;0;0;0;false
53011163;COL FRANCISCANO IRMA MARIA ASSUNTA;0;0;0;false
53011180;C SOCIAL LUTERANO CANTINHO GIRASSOL;0;0;0;false
53011341;COL FORTIUM;0;0;0;false
53000242;CEJA VERDE OLIVA - CESVO;0;0;0;false
53000293;CED ALFA ASA NORTE;0;0;0;false
53001028;COL CEUB;0;0;0;false
53001150;CED PLANALTO;0;0;0;false
53001168;CED PROJECAO BRASILIA;0;0;0;false
53001370;COL PIO XII DROMOS;0;0;0;false
53001796;EC 711 NORTE;0;0;0;false
53001826;EDUCANDARIO ESPIRITO SANTO;0;0;0;false
53001834;EN DE BRASILIA;0;0;0;false
53002113;ESI - COL SAO CARLOS;0;0;0;false
53002172;INST DE EDUC NDA JUNIOR;0;0;0;false
53002202;PROCESSUS CED;0;0;0;false
53002741;CED ALFA GAMA;0;0;0;false
53003276;MAT JI CURUMIM;0;0;0;false
53003349;CED - CE E DESENV DE BRASILIA;0;0;0;false
53003373;C PRESBITERIANO DE EDUC;0;0;0;false
53003543;COL DOMINGOS SAVIO;0;0;0;false
53003705;CED EVANGELICO EDUARDO CARLOS PEREIRA - CEDECAP;0;0;0;false
53004841;JI COELHINHO BRANCO;0;0;0;false
53004892;CE MAE ADMIRAVEL;0;0;0;false
53005325;CE CASTELINHO;0;0;0;false
53005449;CE SETE ESTRELAS;0;0;0;false
53005821;ESC ADVENTISTA DE SOBRADINHO;0;0;0;false
53006089;CE JOAO WESLEY;0;0;0;false
53006330;EC ARTEMISA;0;0;0;false
53006445;EC DA LAGOINHA;0;0;0;false
53006453;EC MAJOR COSME DE FARIAS;0;0;0;false
53006542;EC RETIRO DO MEIO;0;0;0;false
53006577;EC TANGARA 106;0;0;0;false
53007476;CE DO SESI - DF CEILANDIA;0;0;0;false
53008065;EC 57 DE CEILANDIA;0;0;0;false
53008278;CE STELA BRITO;0;0;0;false
53000773;CR DA ASSOC PIONEIRAS SOCIAIS;0;0;0;false
53082036;CR IRMAOZINHOS DE MARIA;0;0;0;false
53014138;LS - ESC TECNICA DE ENFERMAGEM;0;0;0;false
53014146;ESC ARCA DE NOE;0;0;0;false
53014197;COL INTELECTO;0;0;0;false
53014456;C DE EDUC IVONE ARAUJO;0;0;0;false
53014758;CED COMPACT JUNIOR;0;0;0;false
53014804;MAT E JI LOBINHO;0;0;0;false
53015037;ESCOLA PEQUENO PRINCIPE;0;0;0;false
53015061;COL MASTER DO SABER;0;0;0;false
53015754;CENTRO DE ENSINO 403;0;0;0;false
53015762;ESCOLA DE TI FONTENELE;0;0;0;false
53015851;COL IDEAL;0;0;0;false
53032004;MARINI ENSINO INFANTIL;0;0;0;false
53087020;COL FAMA;0;0;0;false
53011570;BRINCANDO COM O VERDE;0;0;0;false
53011716;ESC CARROSSEL TOTAL;0;0;0;false
53011864;ESC DE EDUC INF LUCIANA;0;0;0;false
53012224;JI REI LEAO PRIMEIRO;0;0;0;false
53005490;CED JOAO WESLEY;0;0;0;false
53004132;EC 19 DE TAGUATINGA;13;11;93;false
53004140;ESC BILINGUE LIBRAS E PORTUGUES ESCRITO DE TAGUATINGA;20;20;119;false
53004159;CEI 04 DE TAGUATINGA;12;12;74;false
53007638;ESC INF FREDERICO OZANAM;8;8;40;false
53007646;EC 01 DE CEILANDIA;16;14;64;false
53007654;EC 02 DE CEILANDIA;14;14;62;false
53007662;EC 03 DE CEILANDIA;25;17;101;false
53007670;EC 06 DE CEILANDIA;24;21;91;false
53007689;CEF 35 DE CEILANDIA;15;15;71;false
53007697;EC 08 DE CEILANDIA;20;15;71;false
53007719;EC 11 DE CEILANDIA;10;10;54;false
53007727;EC 12 DE CEILANDIA;11;11;52;false
53007735;EC 13 DE CEILANDIA;10;10;41;false
53007743;EC 15 DE CEILANDIA;20;19;112;false
53007751;EC 16 DE CEILANDIA;20;20;92;false
53005155;EC BUCANHAO;5;4;30;false
53005163;EC CHAPADINHA;5;5;44;false
53005171;CED 04 DE BRAZLANDIA;7;7;42;false
53005180;EC INCRA 06;7;7;49;false
53005198;EC INCRA 07;7;7;40;false
53005201;EC POLO AGRICOLA DA TORRE;7;7;38;false
53005210;CED IRMA MARIA REGINA VELANES REGIS;18;17;127;false
53001052;CED JUSCELINO KUBITSCHEK - ASA NORTE I;0;0;0;false
53008375;ESC PADRE DI FRANCIA;13;12;31;false
53008383;CE CASINHA FELIZ;6;6;20;false
53008391;CEF 01 DO GUARA;15;10;83;false
53008405;CEF 04 DO GUARA;23;19;139;false
53008413;CEF 05 DO GUARA;19;15;86;false
53008421;EC 08 DO GUARA;21;20;110;false
53008430;CEF 08 DO GUARA;16;16;110;false
53005970;CEF JUSCELINO KUBITSCHEK;16;15;100;false
53005988;CEF PIPIRIPAU II;19;19;91;false
53005996;CEF 01 DE PLANALTINA;20;20;141;false
53006003;CEF 02 DE PLANALTINA;20;20;110;false
53006011;EC MESTRE DARMAS;17;17;65;false
53006020;CEF RIO PRETO;9;9;49;false
53006038;CEF SAO JOSE;13;13;41;false
53006046;CED TAQUARA;18;17;100;false
53006054;CED VARZEAS;14;14;66;false
53006062;CED 01 DE PLANALTINA;25;25;194;false
53006070;CEM 02 DE PLANALTINA;26;21;140;false
53006097;CEE 01 DE PLANALTINA;26;26;189;false
53006151;INST MONTE HOREBE PLANALTINA;7;7;18;false
53009177;CEF 412 DE SAMAMBAIA;26;18;109;false
53009185;EC 415 DE SAMAMBAIA;14;14;77;false
53006810;CEF BURITI VERMELHO;5;5;32;false
53006828;EC CAFE SEM TROCO;9;9;45;false
53006836;EC CAPAO SECO;3;2;33;false
53006844;EC CARIRU;5;5;24;false
53006852;EC ITAPETI;4;4;18;false
53006860;CEF JARDIM II;8;8;23;false
53006879;EC LAMARAO;5;5;35;false
53006887;EC NATUREZA;7;7;41;false
53006895;EC QUEBRADA DOS NERIS;4;4;14;false
53006917;EC SOBRADINHO DOS MELOS;6;6;33;false
53006925;EC SUSSUARANA;3;3;15;false
53006968;CED AGROURBANO IPE RIACHO FUNDO;10;10;72;false
53006976;CEF TELEBRASILIA;24;24;122;false
53006984;CEM 01 DO RIACHO FUNDO;21;19;141;false
53006992;EC AGROVILA II;9;9;37;false
53015908;C UNIVERSITARIO INST DE EDUC SUPERIOR DE BRASILIA - IESB - UNIDADE ASA SUL;0;0;0;false
53009886;CE SANTA MARIA;0;0;0;false
53015380;IFB - CAMPUS RIACHO FUNDO;12;12;111;false
53015401;IFB - CAMPUS SAO SEBASTIAO;13;13;104;false
53015410;INST PEDAGOGICO CRESCER - IPEC - UNIDADE II;8;6;13;false
53015444;REDE DE ENSINO CERTO TAGUATINGA NORTE;16;16;48;false
53015452;EDUC DO SERVICO SOCIAL DO COMERCIO - EDUSESC - GAMA;27;17;83;false
53015487;ESC MUNDO DISNEY;5;5;10;false
53015495;COL MILITAR TIRADENTES;21;21;169;false
53015509;COL EVOLUTIVO;9;9;15;false
53015517;CEI 02 DE BRAZLANDIA;12;11;56;false
53015525;INST SAO VICENTE DE PAULO;7;7;26;false
53015541;CEI 03 DE SAO SEBASTIAO;9;9;56;false
53015550;CEI 01 DE PLANALTINA;12;12;60;false
53015568;CEI 01 DO RIACHO FUNDO I;9;9;61;false
53015576;CEI 210 DE SAMAMBAIA;13;13;63;false
53002385;CE JUSCELINO KUBITSCHEK;0;0;0;false
53016629;CR MADRE CARMEN SALLES;0;0;0;false
53012240;C DE DESENV GLOBAL;0;0;0;false
53012259;CE PEQUENO SABIO;0;0;0;false
53012291;ESC UNIVERSO INFANTIL;0;0;0;false
53012313;ESC DE EDUC INF BRINQUECRIANDO;0;0;0;false
53012712;CR GAMADINHO;0;0;0;false
53012879;COL DROMOS;0;0;0;false
53012925;ESC DO CAJE;0;0;0;false
53013077;ESC LIVRE EXPRESSAO;0;0;0;false
53013107;EQUIPE ENSINO MEDIO;0;0;0;false
53013131;CED LUDOVICO PAVONI - GAMA;0;0;0;false
53013271;ASSOC BENEFICENTE EVANGELICA;0;0;0;false
53013301;INST DE ENS DEL BAMBINO;0;0;0;false
53013328;CURSO PROFISSIONALIZANTE DE ENFERMAGEM;0;0;0;false
53013590;ESC ADVENTISTA DE SAMAMBAIA;0;0;0;false
53013646;INST DE EDUC PLANETA CRIANCA;0;0;0;false
53013689;COL TECNICO JOAO PAULO I;0;0;0;false
53013700;INST EDUCACIONAL FUTURO;0;0;0;false
53013786;CE SUPLETIVO DE SAMAMBAIA - CESUS;0;0;0;false
53013999;INST DE EDUC NDA SENIOR;0;0;0;false
53014030;C DE EDUC INTEGRAL BRASILIENSE;0;0;0;false
53014073;INST EVOLUCAO;0;0;0;false
53015070;INEDITO - INST DE EDUC INTEGRAL TRANSDICIPLINAR;0;0;0;false
53014529;ESC CASA DA CRIANCA;0;0;0;false
53041003;ESC APROVACAO;0;0;0;false
53081005;CED TRES CORACOES;0;0;0;false
53010000;CED 416 DE SANTA MARIA;19;16;81;false
53010787;ESC PIMENTINHAS;0;0;0;false
53011210;INST DE EDUC ISAAC NEWTON;0;0;0;false
53002199;INST NOSSA SENHORA DO CARMO;0;0;0;false
53003985;COL RUI BARBOSA - CED;0;0;0;false
53007581;C COMUNITARIO CENECISTA SAO JOAO BOSCO - CNEC;0;0;0;false
53015029;CED EDUCARE BSB;0;0;0;false
53088018;COL CURSO PODION;0;0;0;false
53007760;EC 17 DE CEILANDIA;20;18;80;false
53007778;EC 18 DE CEILANDIA;10;10;59;false
53007786;EC 19 DE CEILANDIA;11;11;47;false
53011503;CEF 209 DE SANTA MARIA;15;15;119;false
53011511;EC 218 DE SANTA MARIA;16;16;84;false
53011520;CED DARCY RIBEIRO;13;13;107;false
53011562;CEF 519 DE SAMAMBAIA;15;15;109;false
53011589;CEF 30 DE CEILANDIA;20;20;72;false
53011597;CEF 427 DE SAMAMBAIA;15;15;89;false
53011643;IESMA - INST EDUC SOUSA MACHADO;6;6;9;false
53011651;ESC MAGISTRAL;30;19;39;false
53011678;ESC ARTE E FANTASIA;5;4;8;false
53011686;CEP SENAC - TAGUATINGA;28;28;80;false
53011708;COL EDUCAR;9;6;12;false
53008448;COL ALUB - SEDE VI;23;23;66;false
53008456;CED 01 DO GUARA;15;15;110;false
53008464;CEM 01 DO GUARA;18;18;126;false
53008472;CED 03 DO GUARA;36;27;118;false
53008480;CED 04 DO GUARA;15;14;129;false
53008502;CED JUSCELINO KUBITSCHEK - GUARA;50;50;159;false
53008510;CED PROJECAO GUARA;26;26;60;false
53007158;ESC CASA DO SOL;0;0;0;false
53011201;CE INTERATIVO;0;0;0;false
53014359;COL NOSSA SENHORA DAS VITORIAS;0;0;0;false
53084063;CE UNIVERSO DA CRIANCA;0;0;0;false
53012534;COL GUINESS;7;7;27;false
53012542;CED 04 DE SOBRADINHO;19;19;148;false
53012550;EC LOBEIRAL;5;5;33;false
53012569;CEI 210 DE SANTA MARIA;11;11;56;false
53012585;LAR EDUCANDARIO NOSSA SENHORA MONT SERRAT;4;4;7;false
53012593;CEF 103 DE SANTA MARIA;15;14;86;false
53012607;CEM 417 DE SANTA MARIA;18;18;114;false
53009193;EC 419 DE SAMAMBAIA;26;23;106;false
53009207;EC 425 DE SAMAMBAIA;16;15;75;false
53009215;EC 431 DE SAMAMBAIA;25;21;96;false
53009223;EC 501 DE SAMAMBAIA;16;15;80;false
53009231;EC 510 DE SAMAMBAIA;13;13;80;false
53009240;EC 511 DE SAMAMBAIA;18;18;80;false
53009258;EC 614 DE SAMAMBAIA;12;11;60;false
53009266;EC GUARIROBA;14;14;42;false
53009312;CEF 01 DA CANDANGOLANDIA;20;16;59;false
53009320;EC 01 DA CANDANGOLANDIA;19;14;63;false
53009339;EC 02 DA CANDANGOLANDIA;11;11;48;false
53009347;CEF TAMANDUA;9;8;45;false
53009355;CEF 106 DO RECANTO DAS EMAS;20;20;100;false
53013816;ESC BANDEIRANTES;0;0;0;false
53013310;ESC TECNICA BRASILIENSE DE PROTESE DENTARIA;4;4;14;false
53013336;CEE 01 DE SANTA MARIA;27;27;129;false
53009975;CASA DO PEQUENO POLEGAR;7;7;38;false
53009983;CED DELTA;21;16;44;false
53010019;CED 619 DE SAMAMBAIA;22;22;120;false
53010027;CEF 504 DE SAMAMBAIA;15;15;67;false
53010060;EC 512 DE SAMAMBAIA;13;13;79;false
53010078;JOAO E MARIA - ESC DE EDUC INTEGRAL;7;7;22;false
53010086;C INTEG OFICINA DO SABER;7;7;16;false
53010124;ESC ALENCAR;18;12;20;false
53010159;COL NOVOS CAMINHOS;6;5;8;false
53010221;SEMPRE MAT E PRE-ESC;6;6;11;false
53010264;CE LOGOS;31;28;59;false
53010361;COL ALUB - SEDE I;23;23;58;false
53010370;COL SECULO XXI;13;13;33;false
53010426;CE ISAAC NEWTON;50;50;63;false
53007433;ESC ASA DELTA;0;0;0;false
53015398;IFB - CAMPUS TAGUATINGA CENTRO;0;0;0;false
53068017;EC 02 DE VICENTE PIRES;14;14;70;false
53068025;EC 09 DE BRAZLANDIA;20;20;86;false
53068033;CEI 04 DE SOBRADINHO;4;4;25;false
53068041;EC 17 DE SOBRADINHO;16;14;77;false
53068050;EC 16 DE SOBRADINHO;16;16;68;false
53068068;CED DONA AMERICA GUIMARAES;24;24;141;false
53068076;EC 02 DO ARAPOANGA;24;24;100;false
53068084;EC 15 DE PLANALTINA;18;18;71;false
53068092;CED 01 DO RIACHO FUNDO II;15;15;106;false
53068106;CEF 02 DO RIACHO FUNDO II;17;17;69;false
53068114;CEF 27 DE CEILANDIA;24;24;69;false
53068122;CEF 28 DE CEILANDIA;25;25;91;false
53068130;EC 66 DE CEILANDIA;24;24;105;false
53068149;CEF 32 DE CEILANDIA;24;24;84;false
53068157;CEF 02 DA ESTRUTURAL;26;26;121;false
53011759;COL PROGRESSAO;9;9;15;false
53011783;ESC MASTER;14;14;32;false
53011791;C INTEGRADO EXCELSUS;10;10;16;false
53088034;OBRA SOCIAL NOSSA SENHORA DE FATIMA;0;0;0;false
53005589;INST MONTE HOREBE SOBRADINHO;0;0;0;false
53014600;EC 404 DO RECANTO DAS EMAS;13;13;74;false
53015100;ESC DE EDUC INF DANNY;8;8;16;false
53015800;INST DE EDUC LUIZ HERMANI;6;6;31;false
53016300;CEPI JATOBA;9;9;40;false
53016700;CEPI SUCUPIRA;9;9;31;false
53017200;ESC INF MEU PEQUENO PRINCIPE;9;9;21;false
53018800;EDUCANDARIO JOSE DE ALENCAR - EDUCAR;9;9;40;false
53027000;COL ALUB - SEDE II;19;19;103;false
53036000;COL PASSOS DO SABER;7;3;4;false
53042000;ESC AGUA VIVA;6;6;10;false
53056000;COL OLIMPO;52;52;206;false
53012615;CEI 416-516 DE SANTA MARIA;10;10;52;false
53012623;CEM 404 DE SANTA MARIA;18;18;102;false
53012631;CEP - ESC TECNICA DE PLANALTINA;11;11;155;false
53012666;CEF BONSUCESSO;8;8;47;false
53012674;CR PIONEIRA DA VILA PLANALTO;7;7;43;false
53012682;ESC C COMUNITARIO DA CRIANCA;28;28;164;false
53012690;C DE CONVIVENCIA E EDUCACAO INFANTIL SAGRADA FAMILIA;12;12;53;false
53016130;C UNIVERSITARIO DE BRASILIA - TAGUATINGA;0;0;0;false
53008758;COL EVANGELICO AMIGOS DO PAI;0;0;0;false
53062000;CR RECANTO FELIZ;0;0;0;false
53001320;COL MADRE CARMEN SALLES;39;36;149;false
53001338;COL MARISTA DE BRASILIA - EDUC INF E ENS FUND;58;58;257;false
53001346;COL MARISTA DE BRASILIA - ENSINO MEDIO;34;16;120;false
53001354;COL MILITAR DE BRASILIA;89;75;550;false
53001362;COL NOTRE DAME;35;29;143;false
53001389;COL SAGRADO CORACAO DE MARIA;32;32;183;false
53013352;COL MILITAR DOM PEDRO II;41;41;362;false
53013360;ASSOC DE PAIS E AMIGOS DEFICIENTES AUDITIVOS - APADA - DF;6;6;10;false
53013379;COL CANTINHO DO SABER;10;10;18;false
53013387;C EDUCATIVO PASSIONISTA MAE DA SANTA ESPERANCA;28;28;69;false
53013395;ESC E RECREACAO GENTE QUE CRESCE;7;7;8;false
53013425;INST TECNICO EDUCACIONAL MADRE TERESA;50;50;550;false
53013433;COL TEMPO REAL;9;7;8;false
53013441;CED CETESI;50;50;122;false
53013450;INSEF - INST DE EDUC FENIX;14;13;51;false
53013476;COL ISAAC NEWTON;50;50;47;false
53013484;EC 104 DE SAO SEBASTIAO;20;20;72;false
53013492;EC BASEVI;8;8;45;false
53009843;ESC MAT E JI MATITA PERE;0;0;0;false
53016068;C UNIVERSITARIO DE BRASILIA;0;0;0;false
53002008;ESC FUND ALVACIR VITE ROSSI;18;17;54;false
53014170;EDUCANDARIO DE MARIA;35;23;80;false
53014189;EDUCANDARIO DE MARIA - EDUC INF;8;8;16;false
53014227;CEF 03 DO PARANOA;16;16;109;false
53014235;EC 100 DE SANTA MARIA;14;14;80;false
53014243;CE ARTE E MANHA - CENAM;7;7;9;false
53014260;CEF 602 DO RECANTO DAS EMAS;21;20;108;false
53014278;EC VALE VERDE;3;3;19;false
53014286;EC 303 DE SAO SEBASTIAO;16;15;70;false
53014294;CEF 418 DE SANTA MARIA;22;22;96;false
53014308;CED POMPILIO MARQUES DE SOUZA;16;16;113;false
53014316;CED VALE DO AMANHECER;16;15;62;false
53014324;ESC BEM-ME-QUER;8;8;46;false
53014332;COL MULTIPLO;13;12;25;false
53014340;COL MEGA;20;16;30;false
53013956;CR GOTINHA DE LUZ;0;0;0;false
53087003;CED SANTOS DUMONT - CESAN;0;0;0;false
53014065;CE CONSTRUINDO O FUTURO;0;0;0;false
53015584;CEF 04 DO PARANOA;11;11;48;false
53015606;INST PAZ E VIDA;10;10;50;false
53015614;CR MAGIA DOS SONHOS;8;8;27;false
53015622;CR PASTOR FRANCISCO MIRANDA;7;7;39;false
53015630;CED BANDEIRANTES - CEBAN;2;2;20;false
53015649;CEI DIDASCALHO SAO JOSE OPERARIO;5;5;26;false
53015665;COL MADRE TERESA;50;50;40;false
53015673;ESC ANA CLARA;17;10;20;false
53015681;COL ROGACIONISTA SOCIAL SANTO ANIBAL;7;4;16;false
53015690;CEAV JR AGUAS CLARAS - CED ALMEIDA VIEIRA JUNIOR AGUAS CLARAS;20;20;60;false
53015703;CR BEBE CONFORTO;5;5;24;false
53015711;C DE EDUC INF LUVA LULU - CEILL;5;4;11;false
53015720;ESC LAZER E ARTE;10;8;14;false
53015738;INST SERRANO;13;9;15;false
53015126;ESC DE EDUC INF PEQUENO REINO - CEREI;0;0;0;false
53009991;ESC CASTELINHO FELIZ;0;0;0;false
53007484;COL OSWALDO CRUZ;0;0;0;false
53010825;ESC ROCHA FIRME;0;0;0;false
53014510;ESC ACEMISTA DE EDUC INF ESPACO DA CRIANCA;0;0;0;false
53059000;CR MARIA DE NAZARE;5;5;31;false
53065000;CEI SONHO DE CRIANCA - CEISC;22;22;121;false
53085000;COBIAN - COL BIANGULO;16;16;45;false
53004167;CEI 05 DE TAGUATINGA;8;5;39;false
53004175;EC 27 DE TAGUATINGA;23;17;107;false
53004183;CEI 01 DE TAGUATINGA;8;8;49;false
53004191;EC 29 DE TAGUATINGA;9;8;58;false
53004205;CEI 02 DE TAGUATINGA;9;9;43;false
53004213;EC 39 DE TAGUATINGA;15;12;71;false
53004221;CEF 19 DE TAGUATINGA;15;13;78;false
53004230;EC 41 DE TAGUATINGA;20;13;92;false
53004248;EC 42 DE TAGUATINGA;18;16;70;false
53004256;CEF 17 DE TAGUATINGA;17;15;72;false
53004264;EC 45 DE TAGUATINGA;20;15;67;false
53004272;EC 46 DE TAGUATINGA;11;9;60;false
53001397;COL SANTA ROSA;25;23;126;false
53001419;CR E PRE-ESC FUNDACAO CABO FRIO;50;50;180;false
53001427;CRESCA C DE REALIZACAO CRIADORA - ESC DE EDUC BASICA;50;50;51;false
53001435;EC DA VILA DO RCG;4;4;27;false
53001443;CEF 102 NORTE;10;8;60;false
53001451;EC 102 SUL;9;9;47;false
53001460;CEF 104 NORTE;11;11;52;false
53001478;EC 106 NORTE;8;8;43;false
53005430;C INTEGRADO DE ATENCAO MATERNO INF - CIAMI;0;0;0;false
53005252;CEI 01 DE BRAZLANDIA;11;11;54;false
53005260;JI MENINO JESUS;12;12;60;false
53005309;CAIC JULIA KUBITSCHEK DE OLIVEIRA;40;40;167;false
53005317;CED ARCO IRIS - CEAI;13;13;29;false
53005333;CEF 01 DE SOBRADINHO;11;11;76;false
53005341;CED 03 DE SOBRADINHO;26;26;97;false
53002016;ESC GOLFINHO DOURADO;18;18;35;false
53002024;COL LOGOSOFICO GONZALEZ PECOTCHE - UNIDADE BRASILIA;12;12;95;false
53002032;COL MORAES REGO;21;21;100;false
53002040;ESC MARIA MONTESSORI - EF;43;42;301;false
53002067;ESC FRANCISCANA NOSSA SRA DE FATIMA;40;40;130;false
53002075;COL SANTO ANTONIO;60;60;152;false
53002083;ESC PEDACINHO DO CEU - ASA NORTE;13;13;70;false
53002105;CED PIA MATER;25;25;94;false
53002121;ESC TECNICA DE SAUDE DE BRASILIA - ETESB;5;5;28;false
53002130;ESC TECNICA DE SAUDE;7;7;20;false
53002148;ESC MENINOS E MENINAS DO PARQUE;11;11;26;false
53002156;ESC INF CICERO PEREIRA;9;9;44;false
53002164;SIGMA L2 NORTE;42;42;150;false
53006160;CEF 04 DE PLANALTINA;20;19;144;false
53002881;EC 10 DO GAMA;12;10;36;false
53002890;EC 12 DO GAMA;12;10;59;false
53002903;JI 03 DO GAMA;8;8;42;false
53002911;EC 14 DO GAMA;12;12;53;false
53002920;EC 15 DO GAMA;12;12;63;false
53002938;EC 16 DO GAMA;10;10;41;false
53002946;EC 17 DO GAMA;10;9;55;false
53002954;EC 18 DO GAMA;16;13;60;false
53002962;EC 19 DO GAMA;13;12;60;false
53002970;JI 02 DO GAMA;9;9;57;false
53002989;EC 21 DO GAMA;8;8;50;false
53002997;EC 22 DO GAMA;15;15;59;false
53003004;CEF 03 DO GAMA;20;19;120;false
53003012;JI 05 DO GAMA;8;8;41;false
53003020;EC 28 DO GAMA;9;8;40;false
53012658;OBRAS SOCIAIS DA PAROQUIA SAO SEBASTIAO;0;0;0;false
53014669;COL JK GAMA - UNIDADE II;0;0;0;false
53068165;EC 02 DA ESTRUTURAL;15;15;77;false
53068173;EC 831 DE SAMAMBAIA;15;15;61;false
53068181;CED 310 DE SANTA MARIA;18;18;98;false
53068190;EC 01 DO PORTO RICO;12;11;50;false
53068203;EC 02 DO ITAPOA;16;16;60;false
53068211;CEF MIGUEL ARCANJO;19;19;93;false
53068220;EC DOM BOSCO;10;10;44;false
53068238;EC VILA BURITIS;21;21;71;false
53068254;C SOCIAL COMUNITARIO TIA ANGELINA;11;11;61;false
53081013;COL GAMALIEL;15;9;22;false
53081021;ESC ESTRELA GUIA;7;7;10;false
53082001;COL IMPACTO;27;27;42;false
53082028;ESC DO ENS BASICO PINGUE PONGUE;6;6;10;false
53083008;TIO PATINHAS ESC DE EDUC INF;4;4;13;false
53014120;CE ARIGATO;0;0;0;false
53004280;CEF 16 DE TAGUATINGA;13;10;48;false
53004299;CEF 21 DE TAGUATINGA;15;13;89;false
53004302;CEI 06 DE TAGUATINGA;12;10;70;false
53012364;CR CAMINHO DE LUZ;0;0;0;false
53007794;EC 20 DE CEILANDIA;10;10;62;false
53007808;EC 21 DE CEILANDIA;20;18;75;false
53007816;EC 22 DE CEILANDIA;13;13;58;false
53007824;EC 24 DE CEILANDIA;9;9;61;false
53007832;EC 25 DE CEILANDIA;20;19;91;false
53007840;EC 26 DE CEILANDIA;10;10;48;false
53007859;EC 27 DE CEILANDIA;13;13;34;false
53007867;EC 28 DE CEILANDIA;11;11;47;false
53007875;EC 29 DE CEILANDIA;10;10;58;false
53007883;CEF 26 DE CEILANDIA;23;23;78;false
53007891;EC 33 DE CEILANDIA;20;19;89;false
53007905;EC 34 DE CEILANDIA;20;18;90;false
53005350;CEF 03 DE SOBRADINHO;19;19;131;false
53005368;CEF 04 DE SOBRADINHO;20;20;154;false
53005376;CEF 05 DE SOBRADINHO;16;16;105;false
53005384;EC 15 DE SOBRADINHO;23;23;88;false
53005392;CED FERCAL;8;8;69;false
53005406;CEF QUEIMA LENCOL;13;13;66;false
53005457;CE SANTA RITA DE CASSIA;23;23;101;false
53005465;CEM 01 DE SOBRADINHO;26;25;172;false
53013778;ESC ABM;0;0;0;false
53014774;INST ESPIRITA DE EDUC;0;0;0;false
53008529;CEF 02 DO GUARA;13;13;85;false
53008545;COL ROGACIONISTA;37;37;179;false
53008553;CR SORRISO DE MARIA;5;5;32;false
53008561;EC 01 DO GUARA;9;9;54;false
53008570;EC 02 DO GUARA;8;8;63;false
53008588;EC 03 DO GUARA;9;9;64;false
53006178;IFB - CAMPUS PLANALTINA;26;26;200;false
53006186;EC 01 DE PLANALTINA;11;11;72;false
53006194;EC 03 DE PLANALTINA;11;11;62;false
53006208;EC 04 DE PLANALTINA;11;11;57;false
53006216;EC 05 DE PLANALTINA;14;14;65;false
53006224;EC 06 DE PLANALTINA;13;13;71;false
53006232;EC 07 DE PLANALTINA;10;10;57;false
53006240;CEF 08 DE PLANALTINA;11;11;64;false
53006259;EC 09 DE PLANALTINA;10;9;40;false
53006267;EC 10 DE PLANALTINA;14;13;67;false
53006275;EC 11 DE PLANALTINA;14;11;55;false
53006283;CED 03 DE PLANALTINA;18;18;118;false
53006291;EC 13 DE PLANALTINA;11;10;39;false
53006305;EC 14 DE PLANALTINA;16;16;58;false
53016084;C UNIVERSITARIO EURO AMERICANO - UNIEURO ASA SUL;0;0;0;false
53007018;EC KANEGAE;3;3;32;false
53007026;EC VERDE DO RIACHO FUNDO I;16;16;78;false
53007034;CAIC JUSCELINO KUBITSCHEK;26;26;129;false
53007042;CEF 01 DO NUCLEO BANDEIRANTE;16;16;84;false
53007050;COL LA SALLE AGUAS CLARAS;75;75;279;false
53007069;CEF METROPOLITANA;15;14;58;false
53007077;CEM URSO BRANCO;21;14;119;false
53007085;CED ORIGEM;13;13;40;false
53007123;EC 03 DO NUCLEO BANDEIRANTE;10;10;58;false
53007131;EC 04 DO NUCLEO BANDEIRANTE;8;8;40;false
53007140;EC 05 DO NUCLEO BANDEIRANTE;7;7;41;false
53007182;ESC SALESIANA SAO DOMINGOS SAVIO;23;23;60;false
53007190;COL LA SALLE;27;27;139;false
53007204;CEI DO NUCLEO BANDEIRANTE;11;11;64;false
53001141;CED OBJETIVO SP-B;0;0;0;false
53010647;ESC CASTELINHO ENCANTADO - ESCEN;0;0;0;false
53010051;CR CANTINHO DA AMIZADE;0;0;0;false
53034007;CED SS;0;0;0;false
53015746;ESC ESPACO INTEGRACAO;4;4;23;false
53015770;CEI 203 DE SANTA MARIA;10;8;45;false
53015789;COL OLIMPO DE AGUAS CLARAS;16;12;94;false
53015797;CEPI FLOR DE LIS;9;9;31;false
53015819;CED JUSCELINO KUBITSCHEK - TAGUATINGA;22;16;38;false
53015827;ESC DE EDUC INF CORACAO DE CRISTO;9;9;46;false
53015835;CR CASA DA MAE PRETA DO BRASIL - CPMB;6;6;37;false
53015843;CR RENASCER E ESC TIO PEDRO;10;4;21;false
53015860;CASA DE BRINQUEDOS BABY;12;6;18;false
53015878;COL BIANGULO;20;20;50;false
53015886;ESC KK;15;13;120;false
53015894;COL LICEU;60;43;88;false
53015940;CEPI ANGELINS;9;9;41;false
53015959;BERCARIO E CR ALEGRIA DO SABER;7;7;19;false
53012577;ESC DESCOBRINDO A VIDA MAT E JI;0;0;0;false
53000803;C INF REINO ENCANTADO;0;0;0;false
53007913;EC 36 DE CEILANDIA;15;15;83;false
53007921;CED 11 DE CEILANDIA;20;18;133;false
53007930;EC 38 DE CEILANDIA;22;22;83;false
53016092;C UNIVERSITARIO EURO AMERICANO - UNIEURO AGUAS CLARAS;0;0;0;false
53011805;COL PALOMA;19;18;47;false
53011821;CE PIAGET;20;16;40;false
53011830;CED EXPOENTE;14;14;42;false
53011872;CE CANDANGUINHO - CECAN;46;46;282;false
53011880;COL TRIANGULO;15;15;38;false
53011899;INEB - INST EDUCACIONAL DE BRASILIA;18;14;40;false
53011902;ESC JARDIM DO EDEN;24;24;66;false
53011929;CED PARQUE ENCANTADO;20;13;69;false
53011970;ESC CLUBE DA CRIANCA;21;21;45;false
53011988;CED SAO JOSE;18;18;123;false
53011996;CEM 414 DE SAMAMBAIA;18;18;116;false
53008596;EC 05 DO GUARA;11;11;54;false
53008618;EC 07 DO GUARA;14;14;85;false
53008626;EC DO SRIA;5;5;30;false
53008634;ESC ADVENTISTA DO GUARA;9;9;42;false
53008669;JI A PANTERINHA;3;3;5;false
53008685;ESC PEDACINHO DO CEU;20;20;122;false
53008707;JI LUCIO COSTA;5;5;37;false
53008774;CEF 01 DO CRUZEIRO;19;19;83;false
53012704;C DE CONVIVENCIA E EDUC INF NOSSA SENHORA DO CARMO;12;12;59;false
53012720;CEM 02 DE BRAZLANDIA;18;18;94;false
53012739;EC REINO DAS FLORES;3;3;25;false
53012747;CEF ARAPOANGA;15;15;96;false
53012755;CEI AFMA;14;14;35;false
53012763;INSTITUICAO EDUCACIONAL SANTA LUZIA;13;13;68;false
53009363;CEF 115 DO RECANTO DAS EMAS;16;16;72;false
53009380;CED CASA GRANDE;9;9;92;false
53009398;EC CORREGO BARREIRO;5;5;34;false
53009401;EC 102 DO RECANTO DAS EMAS;8;8;56;false
53009410;CEF 01 DO LAGO NORTE;16;16;79;false
53009428;COL COC LAGO NORTE;32;20;50;false
53009436;EC VARJAO;23;22;112;false
53009444;EC OLHOS DAGUA;4;4;18;false
53009452;INST NATURAL DE DESENV INF - INDI;24;24;98;false
53009460;CED VARGEM BONITA;16;12;70;false
53009479;CED DO LAGO;13;13;55;false
53009495;COL MARIA IMACULADA;18;18;65;false
53009525;EC 01 SHI-SUL;11;11;43;false
53009533;EC JARDIM BOTANICO;8;8;42;false
53009541;ESC DAS NACOES;61;61;225;false
53010450;CE EBENEZER;34;23;88;false
53010507;CED RENASCENCA;23;20;56;false
53010515;COL CENEB KIDS;12;11;27;false
53010558;COL EVOLUCAO;5;5;10;false
53010604;CEAP - CED APRENDIZ;8;8;23;false
53010612;ESC DE EDUC INF ALZIRO ZARUR;6;6;35;false
53010620;INST TECNICO DE EDUC DE BRASILIA - SOBRADINHO II;10;10;54;false
53010639;CED LUMNI;14;14;49;false
53010671;ESC INF RAIO DE SOL;4;4;3;false
53010728;ESC PRESBITERIANA DO GAMA;21;21;69;false
53010744;CEE 01 DO GUARA;20;20;146;false
53010752;CEE 01 DO GAMA;33;33;175;false
53010760;COL ESPU;24;15;57;false
53010841;ESC CEPROM;13;13;26;false
53010655;ESCOLINHA E RECREACAO MUNDO INF;0;0;0;false
53001125;CED OBJETIVO SP-B;0;0;0;false
53083016;COL MAANAIM;9;9;38;false
53084012;CE SITIO ENCANTADO;10;7;17;false
53084020;ESC PEQUENO ENCANTO;12;12;18;false
53084039;COL ANCHIETA;30;5;76;false
53084055;COL MAPA;17;14;43;false
53086007;CED VITORIA REGIA;8;7;23;false
53087011;INST MAUA;30;5;16;false
53015967;COL EVEREST BRASILIA;20;20;149;false
53015975;CEPI IPE-ROSA;9;9;38;false
53015983;CEPI IPE-ROXO;9;9;39;false
53015991;CED PROJECAO GUARA II;35;35;39;false
53016009;CEPI IPE-BRANCO;8;8;31;false
53016041;EP ANISIO TEIXEIRA;39;26;80;false
53016106;COL VITORIA - SANTA MARIA;9;9;25;false
53084004;COL UNIC;0;0;0;false
53011538;CR VOVO DIVINA;0;0;0;false
53012232;COL UNISABER SUL;0;0;0;false
53012003;CEF 02 DO PARANOA;17;17;111;false
53012011;CED CONDOMINIO ESTANCIA III;15;15;119;false
53012038;CEF 07 DE SOBRADINHO;15;15;129;false
53010094;ESCOLINHA O GIRASSOL ENCANTADO;0;0;0;false
53088000;CEUBRAS;3;3;16;false
53000013;ASSOC DE MAES PAIS AMIGOS REABILITADORES DE EXCEP - AMPARE;16;7;41;false
53000030;ASSOC DE PAIS E AMIGOS DOS EXCEP - APAE-DF;59;59;280;false
53000102;ASSOC PESTALOZZI DE BRASILIA;19;19;60;false
53000226;ESC CETEB DE JOVENS E ADULTOS;24;4;61;false
53000234;CEJA ASA SUL - CESAS;25;25;192;false
53000331;CED DA AUDICAO E LINGUAGEM LUDOVICO PAVONI - CEAL;43;43;112;false
53000439;CEE 01 DE BRASILIA;74;74;178;false
53000714;CEE DE DEFICIENTES VISUAIS;30;30;119;false
53000781;ARVENSE - CED;17;17;100;false
53000790;ESC URSINHO FELIZ;8;8;30;false
53012771;CEE 02 DE CEILANDIA;36;29;155;false
53012780;CEE 01 DE SAMAMBAIA;28;28;158;false
53012798;EC ASPALHA;5;5;29;false
53012801;CIL 02 DE BRASILIA;13;13;73;false
53012810;CEI 304 DO RECANTO DAS EMAS;13;13;63;false
53012828;CEF 801 DO RECANTO DAS EMAS;21;21;118;false
53012836;CR SAO VICENTE DE PAULO;5;5;28;false
53012852;CE DA MONICA;8;8;15;false
53013735;C DE TREINAMENTO HILTON PINHEIRO MENDES - CETRES;0;0;0;false
53001656;EC 315 SUL;0;0;0;false
53002644;CED JUSCELINO KUBITSCHEK - GAMA;0;0;0;false
53001486;EC 108 SUL;8;8;41;false
53001494;EC 111 SUL;10;10;20;false
53001508;EC 113 NORTE;10;10;48;false
53001516;EC 114 SUL;8;8;75;false
53001524;EC 115 NORTE;8;8;45;false
53001532;EC 204 SUL;9;9;40;false
53013506;EC CORREGO DO ARROZAL;5;5;23;false
53013514;EC 14 DE SOBRADINHO;14;14;64;false
53013522;CEF 08 DE SOBRADINHO;15;15;106;false
53013530;CEF 301 DO RECANTO DAS EMAS;19;19;100;false
53013549;CEI DO RIACHO FUNDO II;20;20;90;false
53013557;EC 01 DO RIACHO FUNDO II;20;20;81;false
53013565;EC 215 DE SANTA MARIA;16;14;90;false
53013581;ESC PARQUE DO SABER;3;3;4;false
53013603;INST DE EDUC HAIDEE NEVES - IEHN;13;13;48;false
53013611;INST MONTE HOREBE ASA SUL;11;11;17;false
53013620;COL GONCALVES DIAS;9;9;27;false
53013638;COL MAXWELL;20;20;58;false
53013654;COL SOMA;50;50;66;false
53013662;PRO-EDUCAR INST TECNICO EDUCACIONAL;12;12;34;false
53015053;CR E PRE-ESC RAIO DE SOL;0;0;0;false
53010043;CR RENASCER;0;0;0;false
53018400;C CENECISTA DE EDUC PROFISSIONAL FELIPE TIAGO GOMES;0;0;0;false
53014367;CE ESPACO DO SABER;17;11;45;false
53014375;CE SENSO;17;14;24;false
53014391;C DE EDUC NERY LACERDA - CENEL;20;16;65;false
53014405;ESC ATUAL;33;30;111;false
53014421;ESC AFFINITY ARTS;8;8;44;false
53014448;COL ESPACO CRIATIVO;12;12;68;false
53014464;COL REACAO II;19;19;66;false
53014472;COL EDUCANDARIO DE FATIMA;23;19;44;false
53014480;ESC JARDIM ENCANTADO;4;4;4;false
53014499;CED BETESDA;5;5;7;false
53014502;COL VIVENCIAR;9;9;28;false
53014537;ESC MATER DEI;10;7;11;false
53014545;EC 01 INCRA 08;19;19;103;false
53014553;CEF 03 DE BRAZLANDIA;16;16;67;false
53014723;COL CAMINHO;0;0;0;false
53016157;CEPI CORUJINHA-DO-CERRADO;9;9;40;false
53016165;CEPI CURIO;9;9;39;false
53016173;CEPI BEIJA-FLOR;9;9;39;false
53016181;CEPI QUERO QUERO;9;9;28;false
53016190;INST PEDAGOGICO CRESCER - IPEC;9;7;18;false
53016203;COL MDC;4;4;20;false
53016211;SERVICO NACIONAL DE APRENDIZAGEM DO TRANSPORTE;20;20;20;false
53016017;C UNIVERSITARIO DO DISTRITO FEDERAL - UDF;0;0;0;false
53016220;EP DA NATUREZA DE BRAZLANDIA;12;12;60;false
53016238;CEPI PAINEIRA;9;9;40;false
53016246;CEPI ANDORINHA;8;8;35;false
53016254;CEPI JURITI;8;8;38;false
53016262;CEPI CALIANDRA;9;9;18;false
53016270;CEPI ONCA-PINTADA;9;9;27;false
53016289;CEPI TAMANDUA BANDEIRA;8;8;29;false
53003454;CEF 04 DE TAGUATINGA;15;12;70;false
53003462;CEF 05 DE TAGUATINGA;12;12;75;false
53003470;CEF 08 DE TAGUATINGA;13;13;90;false
53003489;CEF 09 DE TAGUATINGA;11;11;69;false
53003497;CEF 10 DE TAGUATINGA;16;14;75;false
53003519;CEF 12 DE TAGUATINGA;20;20;121;false
53003527;CEF 14 DE TAGUATINGA;16;16;102;false
53003535;CEF 15 DE TAGUATINGA;17;17;75;false
53003551;CE DO SESI-DF - TAGUATINGA;70;70;111;false
53003560;COL PRESBITERIANO SIMONTON;13;11;27;false
53003578;CED 02 DE TAGUATINGA;20;20;188;false
53003586;CEM 03 DE TAGUATINGA;19;19;86;false
53003594;CED 04 DE TAGUATINGA;26;18;122;false
53000811;CASA DA CRIANCA PAO DE SANTO ANTONIO;14;14;55;false
53000820;ESC INF CASA DE ISMAEL;7;7;32;false
53000846;CEF 01 DE BRASILIA;7;7;34;false
53013824;COL ALUB - SEDE VIII;0;0;0;false
53004310;EC 50 DE TAGUATINGA;14;14;78;false
53004329;CEI 03 DE TAGUATINGA;10;10;59;false
53004337;EC 52 DE TAGUATINGA;8;8;50;false
53004345;EC 53 DE TAGUATINGA;14;14;57;false
53004353;EC 55 DE CEILANDIA;20;19;46;false
53004361;EC ARNIQUEIRA;6;6;28;false
53004370;EC COLONIA AGRICOLA VICENTE PIRES;7;7;55;false
53004388;CEF VILA AREAL;11;10;57;false
53004396;EC 54 DE TAGUATINGA;23;20;131;false
53004418;CED ADVENTISTA DE TAGUATINGA;19;19;94;false
53004655;INST DE EDUC GUINESS;16;13;43;false
53001540;EC 206 SUL;8;8;45;false
53001559;EC 209 SUL;8;8;47;false
53001567;CEF 214 SUL;10;10;50;false
53001575;EC 302 NORTE;8;6;42;false
53001583;EC 304 NORTE;7;7;38;false
53001591;EC 304 SUL;8;8;53;false
53001605;EC 305 SUL;8;8;51;false
53001613;CEF 306 NORTE;10;10;64;false
53001621;EC 308 SUL;8;7;29;false
53006399;EC CURRAL QUEIMADO;0;0;0;false
53014049;INST EDUCACIONAL EVANGELICO NAZARENO;0;0;0;false
53005473;CED 02 DE SOBRADINHO;19;19;144;false
53005503;COL LA SALLE - SOBRADINHO;22;22;81;false
53005511;MONT BLANC CED;13;13;65;false
53005619;COL ALLAN KARDEC;25;25;23;false
53005627;EC 01 DE SOBRADINHO;12;12;67;false
53002210;JI 21 DE ABRIL;5;5;29;false
53002229;JI CASA DO CANDANGO;15;15;86;false
53002237;JI 102 SUL;4;4;22;false
53002245;JI 106 NORTE;5;5;28;false
53002253;JI 108 SUL;4;4;24;false
53002261;JI 114 SUL;4;4;22;false
53002270;JI 208 SUL;4;4;31;false
53002288;JI 302 NORTE;4;4;27;false
53002296;JI 303 SUL;5;5;36;false
53002318;JI 305 SUL;4;4;32;false
53002326;JI 308 SUL;4;4;24;false
53002334;JI 312 NORTE;6;6;39;false
53002342;JI 314 SUL;4;4;21;false
53002350;JI 316 SUL;4;4;24;false
53002369;JI 404 NORTE;5;4;29;false
53015932;C UNIVERSITARIO IESB - UNIDADE SHOPPING JK;0;0;0;false
53003047;CED ENGENHO DAS LAJES;12;13;97;false
53003055;EC PONTE ALTA DE CIMA;5;5;32;false
53003063;CEF PONTE ALTA NORTE;7;7;50;false
53003071;CEF 15 DO GAMA;25;20;79;false
53003080;ESC ADVENTISTA DO GAMA;30;28;128;false
53003098;CE MAURICIO DE NASSAU - CEMAN;50;50;43;false
53003241;COL PAX;23;23;55;false
53003268;CFP ROSERVARTE ALVES DE SOUSA - SENAI GAMA;29;29;82;false
53003284;ASSOC DE PAIS E AMIGOS EXCEP E DEFICIENTES - APAED;27;27;48;false
53003292;CE ARCO IRIS ENCANTADO;9;9;15;false
53003381;CAIC PROF WALTER JOSE DE MOURA;40;40;197;false
53003403;CR CANTINHO DA PAZ;18;18;102;false
53003420;CE BRASIL CENTRAL;23;21;86;false
53003446;CEF 03 DE TAGUATINGA;23;20;104;false
53014430;INST SAGARANA;0;0;0;false
53016297;CEPI JABUTI;9;9;32;false
53016319;CEPI CANARIO DA TERRA;9;9;38;false
53016327;CEPI PEQUIZEIRO;9;9;42;false
53016335;CEPI ARARA-CANINDE;9;9;31;false
53016343;CEPI SABIA-DO-CAMPO;9;9;39;false
53016351;CEPI LOBO-GUARA;9;9;41;false
53016378;CEF 05 DO PARANOA;18;18;84;false
53010710;CED LOBO MARIANO FAVO DE MEL;0;0;0;false
53084071;ESC DIVINO MESTRE;0;0;0;false
53009509;CR MAT E JI MEDALHA MILAGROSA;0;0;0;false
53016386;CIL 01 DE PLANALTINA;10;10;17;false
53016394;CEPI OLHOS DAGUA;9;9;30;false
53016408;CIL 01 DE SANTA MARIA;4;4;23;false
53016416;CEI 01 DE CEILANDIA;8;8;40;false
53016424;CEPI BURITI;9;9;27;false
53016432;CIL 01 DO RECANTO DAS EMAS;10;10;52;false
53016440;CEPI JEQUITIBA;8;8;36;false